35
972
1130
1525
2266
2474
2752
2757
3413
3483
3484
3716
4631
4632
4634
4635
5696
5925
6148
6604
7069
7933
7986
9543
9639
9646
10011
10464
10956
11905
11925
11926
12022
12488
13046
13849
14017
14171
15805
15917
16598
16599
16600
17932
18294
18303
18366
19472
19518
20250
21265
21770
21897
22566
22666
22693
23500
25372
25674
28673
28772
28857
28977
29610
29729
29739
29985
29990
30163
30821
31524
31525
31526
31616
31735
32422
33474
33517
33713
33714
34144
34246
34955
35725
36594
37039
37249
37343
37500
38805
39178
40260
40263
40640
41331
41515
41516
41902
42307
42744
42757
42758
43108
43440
43441
44272
44382
44615
46185
46385
46940
47001
48337
51112
51490
51926
52308
52309
52919
53422
53424
53427
54966
54968
55383
55477
56514
56515
56525
56722
57299
57303
57577
57582
57908
58303
58348
60523
63804
63853
63868
64338
64340
64625
64723
64724
64842
65267
65541
66107
66267
66322
66325
66701
66705
66791
67059
67062
68716
68717
68757
68758
68968
68969
69216
69217
69751
69758
70684
71699
71822
71982
72202
72369
72539
74720
74837
75016
75263
75913
75985
76438
76751
76878
76879
77228
77398
79087
79964
81949
82288
82380
82443
82683
82988
83046
83115
83568
83636
83701
83903
83959
84077
84308
84508
84585
84829
85208
85455
85461
85462
85486
85538
85678
85684
85972
86171
86179
86254
86259
86651
87023
87758
87763
87776
87777
87780
88129
88313
88774
90206
90681
90682
91028
91029
92160
92163
92167
92266
92842
96402
96493
96903
99158
99232
99233
101224
101298
101560
102644
104224
104978
105226
105230
105346
105495
105886
107859
107903
108185
108188
108698
108711
110533
110614
111229
111818
111819
111904
112286
112596
112947
112988
113545
113546
115067
115795
117543
118580
118729
119179
119439
119440
119442
119443
122289
122591
122592
122728
124096
125315
126299
126364
127565
129320
129760
130213
130408
130446
130950
133487
134749
135071
135072
135186
136172
136399
136561
136686
136945
138403
138405
139141
139338
139788
139870
139874
139875
140869
141296
141681
141739
142383
143359
143788
144024
144038
144090
144305
144816
144894
145308
145561
145630
146692
147216
147357
147798
149290
149440
149716
149790
149939
149940
150546
151132
151201
151260
151719
151894
151896
152102
152398
152402
152403
152404
152564
152565
152871
154868
154906
155029
155031
155033
155034
155062
155064
155196
155197
155638
156146
156556
157382
157814
158234
158657
158982
158986
160839
161230
162371
162573
162576
162940
162965
163487
164717
164824
165131
165529
165598
166237
166546
167009
167367
167413
167666
168059
168217
168423
168862
168951
169498
169504
169830
169984
170429
171880
173093
173694
173695
173697
174643
175358
175740
175943
176654
177390
177542
178384
178500
178508
178789
179118
179126
179164
179252
179406
179571
179840
180464
180737
180937
180938
181017
181481
181517
181659
182279
182485
183841
183999
184000
184002
184142
184388
184845
184846
184850
184851
185033
185285
185416
185487
185843
186338
186597
186808
186809
186817
187453
188226
189068
189200
189279
189299
189398
189795
190269
190883
191775
192261
192279
192572
192848
192850
192851
193165
193571
193744
194154
194746
195002
195211
195860
196395
196737
197030
197401
197403
197672
197777
197895
198406
199300
199412
199829
200353
200414
200416
200418
200699
201589
201590
201598
201725
201731
201732
201733
201734
201736
202024
202079
202080
202686
202687
202860
203286
203437
203754
204048
204177
204496
204543
204544
204545
204621
204625
205012
205432
205433
205434
205531
205566
205570
205996
206466
206780
206781
207602
207647
207726
207816
208177
208178
208524
208738
209136
209157
210011
210024
210026
210027
210028
210589
210736
210737
210936
210937
210946
211301
211526
211746
211947
212190
212217
212479
212861
214232
214499
214959
214961
215156
216682
217026
217029
217030
217415
218136
218184
219401
220122
220404
221318
221856
222084
222385
222568
223230
223560
224056
224059
224083
225131
225259
226762
226901
227087
227088
227094
227095
227096
227513
227569
227665
227914
228067
229602
231636
231686
232130
232266
232809
233757
233822
234475
234476
234484
234486
234491
234865
235440
235812
236106
236552
236553
236734
236969
237675
237677
237759
237767
237772
237813
237859
238284
238575
239095
239096
239099
239674
239951
240294
240295
240585
240587
241608
241612
241622
241669
241673
241912
242012
242264
242293
242771
243029
243030
243556
243602
243653
243709
244122
244594
245029
245030
245110
245115
245214
245215
245609
245794
246202
246203
246233
246499
246607
246608
246609
246622
246631
246632
246634
246686
246816
246817
246820
246876
246877
246878
246959
247299
247503
247862
248060
248527
248641
248682
248683
249903
249904
249987
249997
250147
250148
250355
250641
251876
252116
252537
252546
252547
254163
255030
256454
257599
257764
258459
258682
260132
260134
262766
262768
262900
263272
263605
263646
263653
263922
263924
264044
264374
265091
265754
265887
266049
266105
266155
266159
267023
267222
267635
268085
268976
270993
271520
271893
272387
272467
273709
273713
274019
275762
275763
275764
276747
276787
276849
277549
279081
279140
279281
279551
279768
279858
279943
280121
280173
280271
280280
280292
280312
280474
280542
281124
281822
281915
281954
282508
282687
282690
282724
282751
282938
282946
283063
283234
283289
283353
283357
283817
283922
284073
284231
284236
284703
284841
284882
284887
285019
285106
285168
285184
285213
285214
285248
285278
285282
285596
285600
285665
285714
285719
285721
285768
285835
285836
285881
286089
286359
286398
286413
286545
286571
286573
286633
286654
286887
286888
287114
287593
287643
287649
287651
287661
287714
287715
287773
287873
287919
287935
287980
287985
287990
288100
288195
288201
288204
288315
288740
288741
288744
288745
288843
288859
288924
288956
289051
289215
289393
290375
290380
290656
290814
291513
291958
291988
292382
292838
293318
293476
294568
295716
295754
295756
295950
295966
295970
296572
297952
298137
298388
298541
298575
298892
301114
301534
301535
302199
302569
302854
303162
303170
303478
303690
303691
303814
304012
304013
304281
304284
304828
304997
305241
305622
305660
305663
305909
305911
305912
306174
306209
306375
306386
306660
306783
306784
306840
306920
307016
307051
307076
307111
307332
307456
307457
307545
307547
307556
307608
307641
307718
307719
307720
307727
307779
307811
308025
308035
308036
308097
308234
308413
308468
308583
308584
308590
308642
308660
308687
308730
308789
308835
308893
308968
309227
309424
309685
309824
309831
309869
309956
310228
310243
310309
310314
310380
310424
310428
310504
310505
310517
310631
310902
310930
310931
310944
311014
311201
311203
311244
311481
311488
311864
312148
312151
312429
312498
312603
312767
312835
312836
312872
312877
312965
312966
312967
313280
313937
314169
314204
314286
314923
314924
315037
315172
315173
315178
315385
315395
316070
316231
316491
316576
316815
317149
317595
318476
318560
318645
318646
318648
321759
321798
323522
323685
323747
324865
324999
325021
325338
325433
325434
325841
326188
326468
326507
326774
328562
329423
329584
329808
329810
329954
330073
330731
331490
331903
332566
332734
333336
334344
335454
336967
339462
339503
339797
340086
340555
340984
342006
342569
342711
342799
343037
344660
345035
345054
345483
345810
345811
345859
347023
347090
347699
349001
349317
349950
349957
350025
350781
351031
351597
351663
352061
352182
352184
352365
353116
353205
353886
353985
354214
354224
354231
354960
355719
356006
356573
356576
356978
357926
357942
358526
358587
360305
360559
361044
362561
362565
362566
362567
362631
364382
364383
364405
364869
364870
365151
365825
367189
368522
368871
368873
371747
373418
374358
375098
375599
375943
376088
376145
377436
377726
378173
378257
378591
378940
378956
379216
379219
379244
379247
380223
380651
380757
381112
381474
382185
382975
383351
383822
384646
384830
385081
385426
386572
386932
387512
388189
388957
388973
389221
389489
389916
389972
390022
390089
390288
390289
391688
391808
392039
392271
392466
392596
393580
394354
394628
394725
394743
394756
394757
394873
395299
395344
395977
396409
396571
396727
396728
397195
397207
397208
397209
397832
398096
398906
398908
398909
399341
400284
401127
401366
401759
401885
402209
402223
402260
402859
402862
402938
402939
402971
403106
403310
403814
403815
403846
403996
404000
404027
404489
404492
404493
404534
405659
406003
406050
406821
407039
408993
409804
410908
410925
411147
411235
412570
412759
413908
414170
414341
414447
415310
415313
415315
415791
417818
417829
418831
419041
419598
419897
419966
420034
420141
420143
420208
424678
425031
425261
425427
425466
425489
425514
425591
426249
427350
428077
428479
431420
431421
431423
431561
432839
433578
434391
434829
435227
435327
435435
437027
437313
437612
439537
441319
441683
441972
442338
442362
442364
442737
442894
443081
444026
444180
444181
444186
444520
445032
446102
446730
446779
447328
447762
447763
447830
448335
448999
450644
450856
450950
450996
451211
451808
451809
452247
455165
455319
456821
458287
459924
459928
461016
461475
462655
463053
465039
465467
465950
465957
466871
467655
468380
468395
468396
468550
469339
469340
470173
470258
470300
470344
470732
470734
471864
471946
471948
472566
474017
475186
475726
476899
476948
476949
480853
481118
481133
481848
482181
482849
483042
483043
483044
484725
485119
485365
485769
486119
486355
488360
488408
488455
488456
488461
488926
488930
489568
489631
490816
491654
491829
492733
493880
494409
495897
499104
499108
499672
500004
500365
501017
502606
503136
503137
503138
503998
504059
504410
504455
504663
504732
504760
504817
505110
505768
505960
506311
506312
508193
508249
508352
509454
509596
509657
510197
510782
511140
511422
512327
512415
512880
513956
514198
514217
515154
515789
516959
519913
520298
520438
521341
521638
522312
522653
523043
523639
523805
525696
526034
526066
527593
528873
529887
530210
530373
530769
531441
534526
534816
535092
535313
537684
539282
539283
539345
540058
540360
540848
541381
541793
542248
542552
542631
543535
543724
546090
546212
546676
546679
546680
547055
547056
547511
547538
547542
547833
548047
548217
548883
548884
549048
549776
549820
550288
550451
550827
551266
551335
551336
551428
551591
552303
552751
552900
553274
553490
554498
554712
555708
555848
556031
556108
556243
557236
557239
557793
557934
558003
558322
558325
558463
558747
558779
559300
559571
560768
561379
561496
561500
562134
562478
562479
562847
564157
564454
564506
564589
564590
564591
565838
567269
567939
568167
569228
569345
569447
569615
570015
570115
570359
570749
570843
570847
571810
572292
572965
573130
573184
573188
574421
578631
579319
580143
580323
580328
580455
581753
583085
583132
583802
583803
584816
585660
586536
587568
588420
588438
589254
592188
593981
595358
595359
595360
595365
595366
595538
595957
595960
595965
596053
596547
596555
596918
597584
598570
598571
598694
599002
599074
599075
599634
599910
600066
600156
600157
600223
600259
600306
600508
600927
601212
601478
601728
601740
602038
602113
602114
602934
603395
603396
604250
604577
604978
605897
606374
606889
607684
607685
607792
607797
607803
607922
607923
607924
609565
609829
610091
610140
610176
610177
610178
610662
611171
612230
612520
612885
613942
614612
614717
614718
614789
614930
616339
617409
617896
619018
619022
619023
619024
619056
619060
619763
620030
620031
621561
621564
621738
622166
622689
623029
624615
625391
625836
626143
627430
629369
629632
630893
630894
631204
631563
631825
631830
632176
632385
632612
632614
632650
632787
632979
633894
634588
634598
634658
634679
634680
635579
635651
635674
635851
636616
636929
636933
637317
637843
640973
641749
642087
643465
643468
645704
645909
647040
648601
649559
649732
650179
650598
650610
650660
651293
652088
652177
652728
653099
654047
654148
654471
655232
656905
657320
657321
657330
657331
658003
658539
658820
658827
658832
658858
658911
658912
658945
661853
661957
661958
662011
662253
662552
662669
663026
663264
663428
663859
664514
664687
665961
665963
665964
665965
666331
666358
666415
666610
668466
668681
668752
669141
669330
669340
669443
669458
669462
669464
669499
669980
670011
670042
670165
670364
670516
671585
671587
671589
671635
672407
672588
672697
672700
672710
672773
672775
672851
672890
675554
675616
677244
678012
678747
679791
679797
679824
680539
681008
681301
681383
681897
681946
682254
682526
682546
682665
682666
682667
682798
682849
682854
682924
683437
683756
683760
685304
685338
686195
686442
686501
687797
687919
688109
688919
689074
690080
690254
690846
691374
691428
691526
691600
692027
692190
692427
692744
692745
692943
693160
693758
693882
693883
694486
694870
694940
695411
695490
695491
695681
695842
695949
696088
696120
696121
697115
697234
698261
698369
700197
701197
701352
701533
704266
705614
705730
706636
706637
706914
706978
707144
707302
707439
707881
707902
708003
708259
709543
710729
711593
714110
715797
717319
718554
718945
719032
719033
719085
719121
719657
719786
722043
724210
725462
726202
726203
726273
726288
726610
727282
728241
728459
728461
728749
728892
728924
729239
729334
731182
731259
731821
731867
732027
732205
732406
732407
732462
732467
733254
733255
733256
733746
733999
734190
734191
734326
734370
734608
735171
735817
735819
736578
737419
738838
739154
739155
739936
740104
740702
741439
741496
742848
742956
743705
745100
746674
746683
747228
747312
747913
748060
751049
754028
754284
754334
754429
754434
754859
755565
755852
755862
755863
755867
755873
755988
756863
756915
757473
758625
759407
759554
759557
760225
760352
760398
761107
761251
764251
764431
764512
764851
765693
766015
766017
766497
766731
767246
767605
767720
768144
768964
770035
770090
772487
772488
772519
772540
772544
773100
773628
773633
774681
774682
774880
775412
776126
776128
776129
776896
776897
776916
777257
778655
778795
778850
778851
778852
778964
778998
779097
780319
780737
780748
781598
781603
781606
781888
782594
782698
783085
783144
783368
785340
785341
785568
785570
785571
786022
786711
786914
787179
787180
787570
787783
787820
787937
787981
788194
788195
788196
788197
788766
789507
789817
789819
790271
790430
790696
791540
791541
791645
791843
792070
792128
792129
792503
792663
792739
793141
794430
795858
796939
797278
797786
798643
800535
800566
801422
801731
801894
801952
801953
801960
801964
802449
802964
804401
804606
804820
804877
804938
804951
804952
804961
805365
805366
805371
805372
805460
805471
805472
805473
805475
805810
806039
806259
806387
806866
807577
807965
808887
809091
810035
811499
811505
812190
812268
812547
814310
814608
815139
815140
815798
815990
816457
816703
817812
818064
819142
819143
819144
819155
820781
820879
823225
823276
828956
830263
832142
832908
833853
837389
839130
853848
855400
857817
857870
857871
857874
857875
858980
858983
858984
861082
866193
866398
866638
866640
867391
867482
867783
867826
873819
876189
876881
876882
879565
880910
886757
887771
894483
896602
897238
900521
901152
901608
902091
903494
903653
904146
905197
905670
905813
905814
905831
905867
905955
906463
906564
907670
908040
908041
908143
908441
908444
908445
908494
908987
909073
909246
909426
909854
909925
910070
910073
910189
914053
914940
914998
917458
918650
919450
921300
922670
923364
924447
925304
926322
926802
927892
928388
928705
928708
929962
930027
931021
932183
932712
933365
935143
935146
936266
940200
941743
943409
946136
946237
946336
946384
946759
949248
950404
953373
953696
954388
954389
954419
957958
958333
960218
967077
969040
969078
969340
969390
969620
969914
969963
970059
971044
971045
971046
971547
971618
972414
974262
974942
975023
975048
975490
975583
975878
975930
975931
975935
975936
975997
976081
976227
976272
976286
976353
976488
976712
976797
976837
977020
977135
977153
977275
977282
977634
977732
977845
977847
977849
977871
977983
978061
978296
978318
978336
978337
978706
978724
978969
979061
979322
979333
979359
979999
980083
980484
980943
980948
981175
981217
981221
981264
981484
981546
981550
983453
984715
984804
985056
985065
985634
985721
985722
985724
985832
987659
987807
987936
988268
988372
988829
990459
990529
990573
990576
990577
990578
990579
990580
990958
990959
991515
992563
992566
992567
992978
993118
994126
994647
994728
994916
995167
995399
995903
996246
996280
997056
997059
997300
997764
997848
998091
998434
998456
998693
998694
999311
999841
1000225
1000288
1000541
1000588
1000614
1000631
1000632
1000655
1000754
1000824
1000825
1000828
1000986
1001002
1001025
1001085
1001097
1001104
1001108
1001163
1001325
1001346
1001351
1001405
1001548
1001687
1001697
1001701
1002384
1002532
1003582
1003583
1003806
1003808
1004840
1005632
1009429
1009462
1010058
1010059
1010824
1011657
1012322
1012471
1012472
1012938
1014081
1014403
1014859
1014963
1015466
1016541
1016663
1018069
1018303
1018668
1019132
1020077
1020236
1020335
1021937
1021938
1022353
1022587
1022847
1023414
1023741
1024199
1024644
1025202
1025288
1025289
1026190
1026220
1026740
1027847
1028004
1029324
1029327
1029484
1030164
1030910
1031049
1032898
1033017
1033074
1033113
1033176
1033301
1033939
1033941
1034128
1035473
1035611
1035763
1036039
1036313
1037480
1037481
1038180
1038181
1038213
1038215
1040220
1041192
1044970
1045293
1045576
1045939
1046068
1046069
1046070
1046216
1046764
1046826
1048694
1049747
1049748
1049793
1049941
1050467
1050849
1050989
1051164
1051432
1051649
1051703
1051707
1051711
1051784
1052154
1053271
1054171
1054383
1054401
1054561
1054621
1054622
1055100
1056000
1056361
1056532
1056699
1056700
1056937
1057843
1057932
1058324
1059104
1059548
1059710
1060414
1060553
1060877
1060901
1063348
1065097
1066844
1066872
1067525
1067884
1068785
1069392
1069546
1070526
1070535
1070780
1071481
1071652
1072943
1074278
1074355
1074391
1074692
1074863
1074965
1076870
1080826
1080841
1081666
1081675
1084482
1085496
1085503
1085659
1085889
1087089
1088874
1089786
1089797
1092447
1092672
1093104
1093167
1093937
1094065
1096857
1098833
1105667
1106127
1107042
1108230
1108231
1108536
1108980
1110027
1110634
1110899
1111661
1112330
1112331
1112731
1113888
1114093
1114507
1114521
1114616
1114826
1114926
1115292
1116333
1116447
1116701
1116821
1116890
1116900
1117259
1117503
1117608
1118020
1118225
1118624
1119425
1119436
1119552
1120266
1120770
1120961
1121371
1121401
1121512
1121589
1121628
1122234
1122965
1123364
1123565
1123632
1123705
1123859
1124028
1124195
1124451
1125213
1125840
1125946
1126307
1126308
1126309
1126310
1126311
1126973
1127226
1128238
1129121
1129256
1129739
1130219
1130291
1130523
1130671
1130706
1131641
1131733
1131734
1134039
1134562
1134613
1135201
1135280
1135839
1136027
1136148
1136804
1136850
1136863
1136901
1137074
1137110
1137656
1137769
1138487
1138488
1138499
1138527
1138967
1139143
1139292
1139293
1139294
1140029
1140030
1140143
1140403
1141199
1141201
1141657
1142240
1143620
1143665
1143958
1144587
1144861
1145874
1146036
1146607
1146794
1147160
1147271
1147579
1147746
1148015
1148060
1148995
1149078
1149542
1149680
1150155
1150596
1151837
1152202
1152237
1152380
1152471
1152710
1153122
1153179
1153290
1153592
1153600
1153613
1154276
1154701
1154792
1154793
1155163
1156358
1156505
1156615
1156977
1156997
1157413
1157416
1158077
1158175
1158868
1159122
1159237
1159573
1159643
1159773
1159774
1159795
1159857
1159859
1160249
1160606
1160778
1160798
1161343
1161994
1162024
1162030
1162082
1162363
1162532
1162659
1162864
1163254
1163580
1163745
1163970
1164002
1164239
1164525
1164606
1164783
1164812
1165531
1165760
1165762
1167538
1169774
1170670
1170900
1170993
1172469
1173901
1175079
1175451
1175807
1176214
1176454
1176455
1176457
1176799
1177081
1178924
1179856
1180105
1180115
1180116
1180117
1180118
1180121
1180309
1180394
1181122
1181931
1182033
1182034
1182127
1182472
1182482
1182572
1182632
1182633
1182694
1182836
1184228
1184229
1184585
1184586
1185324
1185931
1186467
1187163
1187606
1187611
1187730
1188328
1189069
1189292
1189293
1189732
1189733
1189879
1191123
1192191
1192195
1194410
1194519
1194530
1194631
1194892
1194901
1194902
1194907
1194908
1195104
1195252
1195400
1195583
1195587
1195589
1195592
1195610
1195619
1195622
1195624
1195980
1195988
1195991
1196168
1196176
1196350
1196428
1196975
1197254
1198239
1198765
1200109
1200458
1200695
1201118
1201214
1201216
1201217
1201218
1201284
1201315
1201777
1201778
1201824
1202223
1202712
1202713
1202714
1202978
1203489
1203491
1203494
1203961
1204499
1204905
1205536
1206290
1206927
1207013
1207014
1207133
1207361
1207408
1207757
1208048
1208074
1208142
1211085
1212498
1213220
1214123
1214913
1215539
1216659
1216777
1219902
1220191
1220857
1222235
1222272
1223107
1223902
1224190
1225029
1227346
1227698
1227810
1227812
1227912
1228921
1228957
1228958
1229238
1229624
1230066
1230846
1230874
1230878
1230880
1231098
1231270
1231851
1232112
1232838
1232843
1233077
1233512
1234983
1235248
1235640
1236145
1236283
1236346
1236430
1237046
1237048
1237176
1237178
1237246
1237382
1237971
1237972
1238197
1238204
1238243
1238475
1238549
1239106
1239812
1240369
1242206
1243604
1243834
1243835
1245440
1246258
1246491
1246493
1246668
1247200
1247229
1247533
1247537
1248080
1248994
1249014
1249018
1249019
1249020
1249920
1250195
1250393
1250539
1250602
1250606
1250614
1250772
1251042
1251072
1251079
1251460
1251752
1251804
1252442
1252784
1252949
1253050
1253577
1254042
1254043
1254284
1254733
1254794
1254817
1255519
1255520
1255904
1255905
1256119
1256814
1257004
1257380
1258451
1258478
1258700
1258701
1258951
1259584
1259873
1260252
1260310
1260312
1260399
1260547
1260548
1262267
1263354
1263355
1263745
1266132
1267360
1268889
1269483
1270194
1271874
1272890
1273302
1273342
1274037
1274038
1274263
1274659
1276510
1276984
1277504
1278936
1279784
1279858
1279864
1279871
1281188
1281428
1282883
1283559
1283560
1283658
1283737
1285460
1286040
1286497
1287272
1287920
1288509
1288919
1288987
1290236
1290542
1290884
1290885
1290886
1291139
1291661
1291664
1292164
1292165
1292166
1292419
1292513
1292562
1292989
1293585
1294396
1294409
1294427
1294431
1295145
1296421
1297540
1297664
1297727
1298301
1298407
1299757
1301267
1302251
1302354
1302358
1302705
1302706
1302707
1303276
1303570
1303963
1305068
1305167
1305274
1305275
1305343
1305344
1305346
1305347
1305682
1305822
1305830
1305831
1305832
1305833
1306160
1306567
1307801
1307804
1307810
1307811
1308133
1310788
1310942
1311100
1312121
1312124
1312410
1315628
1316602
1316699
1317713
1318559
1318613
1318614
1318756
1318796
1318797
1319191
1319193
1319275
1319307
1319309
1319519
1319664
1319668
1321614
1322138
1322853
1323193
1323260
1323264
1323296
1323570
1324871
1325197
1325357
1325968
1326203
1326922
1327142
1327434
1327800
1328109
1330638
1330642
1331223
1331226
1332074
1332312
1332334
1332364
1334076
1334085
1334087
1334089
1334114
1334439
1334675
1334937
1335671
1335873
1336616
1336640
1337112
1337178
1337407
1337408
1337411
1338147
1338317
1338998
1340076
1341110
1342559
1342774
1343087
1344035
1345136
1345219
1345220
1345252
1345256
1345361
1345373
1345495
1346062
1346306
1346774
1346942
1347010
1347286
1347439
1348054
1348390
1349171
1349344
1349429
1349455
1349568
1349825
1350719
1350913
1351559
1352311
1352442
1352506
1352541
1352598
1352640
1353084
1353090
1353319
1353394
1353558
1353687
1354085
1354806
1354809
1354810
1356748
1357592
1358353
1358512
1358514
1360393
1360642
1361227
1361646
1362345
1362626
1363059
1363063
1363357
1363778
1364500
1364849
1365620
1366004
1366262
1366412
1367064
1367178
1367376
1367838
1368071
1368385
1368387
1368451
1369042
1369060
1369273
1371300
1371350
1371496
1371635
1371681
1372528
1372601
1373498
1373934
1374788
1374814
1374895
1375670
1376141
1376164
1376178
1376294
1376388
1376402
1376403
1377069
1377224
1377824
1378543
1378895
1380246
1380289
1380887
1381547
1381880
1382188
1382342
1383429
1385147
1385900
1386224
1387011
1387057
1387110
1387297
1387341
1387455
1387463
1387948
1388346
1388910
1389288
1389326
1390145
1390388
1390909
1390922
1391744
1391764
1391948
1391953
1391954
1392065
1392068
1392070
1392964
1393634
1394666
1394968
1395564
1396461
1396880
1397707
1398108
1398873
1398875
1398876
1398877
1400609
1401026
1401285
1401547
1401960
1401999
1402278
1402351
1402418
1402420
1402531
1402872
1402880
1402952
1403630
1404259
1404476
1404478
1404597
1404706
1405024
1405876
1406824
1407469
1408084
1409527
1409534
1409535
1409536
1409748
1409758
1410036
1410219
1410521
1411599
1412286
1412527
1412677
1413015
1413462
1415056
1415057
1416177
1416375
1416925
1417206
1417211
1417212
1419351
1419550
1419959
1421095
1422402
1422712
1422910
1423106
1423107
1423129
1423143
1423258
1423371
1423373
1423374
1423912
1424104
1424841
1424851
1424942
1424943
1424994
1425159
1425557
1425603
1427860
1428511
1429700
1429738
1430021
1430436
1431895
1431898
1432988
1435507
1436355
1436486
1437323
1437335
1437438
1437550
1437551
1437552
1437553
1437610
1437951
1437954
1437961
1438319
1438470
1438473
1438497
1438536
1438767
1438768
1438772
1438857
1440910
1441110
1441120
1441163
1441164
1441165
1441334
1441686
1442188
1442209
1443034
1443341
1443827
1443831
1443832
1444314
1444653
1445424
1445718
1445727
1445728
1445881
1446309
1446344
1446352
1446356
1446642
1447026
1447265
1447370
1447653
1447840
1448303
1448305
1448499
1448611
1448737
1449028
1449543
1449832
1450145
1450333
1450554
1450805
1451652
1451981
1452665
1454116
1454237
1454544
1454728
1455040
1455127
1456705
1456710
1456897
1457141
1458427
1459024
1460181
1460182
1461108
1462074
1462306
1462605
1463819
1463824
1464242
1465433
1465497
1465830
1466594
1466600
1466601
1466602
1466918
1466919
1467376
1468148
1468151
1468152
1468621
1468996
1469534
1469771
1470594
1471819
1473125
1473780
1473897
1474135
1474580
1474587
1475320
1475379
1475631
1475765
1476158
1477066
1478112
1478844
1478845
1478846
1478869
1479687
1480338
1480898
1480899
1480979
1481092
1481126
1481181
1482020
1484274
1485343
1486783
1486818
1487383
1487811
1487902
1488053
1488536
1490897
1491532
1492499
1492692
1493515
1494758
1494759
1494964
1495150
1495173
1495219
1495280
1495281
1495476
1495624
1495761
1495784
1495798
1495956
1495957
1495975
1495976
1496073
1496387
1496437
1496439
1496507
1496967
1497050
1498107
1499215
1499341
1500007
1500135
1501207
1501745
1503142
1503483
1503850
1503851
1503852
1504171
1504173
1504288
1504862
1504893
1505006
1505834
1505982
1506440
1507294
1507451
1507495
1509169
1509468
1509546
1509854
1509856
1511830
1512895
1514591
1515801
1516277
1516465
1516720
1516934
1517122
1518377
1518395
1518691
1518766
1518842
1518958
1519345
1519349
1522534
1522836
1523833
1524983
1527070
1527071
1527157
1527171
1527376
1527855
1527903
1528049
1528050
1528877
1528899
1530085
1530395
1530453
1530454
1530461
1530632
1530696
1531301
1532975
1533806
1534287
1534503
1534505
1534506
1534696
1535064
1535067
1535277
1535458
1535497
1535999
1536329
1536600
1537488
1537489
1537651
1538783
1541610
1542205
1545214
1545923
1546461
1547277
1547297
1547299
1547756
1547771
1547780
1547989
1548949
1549435
1549444
1549592
1550687
1550705
1551846
1551849
1551931
1552926
1553100
1554292
1554294
1554686
1554687
1556434
1556437
1556661
1557851
1557995
1558096
1558369
1558376
1560154
1560459
1560899
1562003
1562438
1562677
1563085
1564832
1565458
1565606
1565610
1565801
1565960
1566723
1566943
1567160
1567459
1567735
1567993
1568692
1568724
1569843
1570040
1570230
1570238
1570782
1571110
1571598
1571718
1572221
1572384
1573571
1574139
1574928
1575762
1576238
1576368
1576431
1576553
1576787
1577066
1577478
1578531
1579959
1580098
1580390
1580482
1580690
1580995
1581152
1581154
1581712
1581906
1582387
1582605
1582607
1582608
1582609
1582998
1583014
1584754
1585269
1585746
1585747
1585914
1586993
1587190
1587765
1587861
1587871
1588466
1588488
1590323
1590546
1590983
1592046
1592681
1592682
1592930
1593358
1593572
1594053
1594184
1594309
1594698
1594903
1595361
1595711
1596119
1596354
1596743
1596744
1597302
1597733
1597734
1597735
1597737
1599107
1599275
1599851
1599950
1600144
1601192
1601571
1603143
1604691
1605310
1605311
1605832
1606991
1607001
1607405
1607904
1608923
1608927
1609087
1609440
1609532
1609681
1609895
1610116
1610118
1610120
1611420
1611611
1611841
1612073
1612335
1612356
1613612
1614550
1614690
1614694
1615181
1616113
1616396
1617892
1619948
1620533
1620822
1620826
1621812
1621813
1622787
1623187
1623592
1623707
1624448
1625069
1625694
1625826
1626049
1626188
1626459
1627122
1627151
1627185
1630172
1630173
1630174
1630183
1630937
1631002
1631421
1631715
1631716
1632004
1632209
1632400
1632526
1632744
1632835
1632873
1633865
1633964
1633965
1634003
1634617
1634814
1635284
1635289
1635290
1635291
1635292
1635529
1635532
1635776
1635976
1635981
1636329
1636490
1637715
1638066
1638077
1638818
1639019
1639325
1639512
1641120
1641149
1641970
1642428
1642787
1643574
1643583
1643584
1643922
1644539
1645418
1646462
1646720
1646788
1646962
1647876
1647915
1648048
1648052
1648061
1648347
1648367
1648370
1648721
1649068
1649838
1649869
1650057
1650366
1651969
1652074
1652075
1652383
1652607
1653754
1654099
1654374
1654375
1654794
1655833
1657374
1657474
1657651
1658579
1659405
1659966
1660128
1660345
1660531
1660625
1660687
1661559
1661560
1661668
1662253
1663048
1663049
1663064
1663488
1663711
1664587
1664593
1665270
1665931
1666087
1666339
1666876
1667027
1668441
1668444
1668447
1668450
1668604
1669298
1670057
1670184
1670753
1670840
1670843
1670844
1671685
1671800
1672533
1672868
1672993
1673256
1673320
1673324
1673763
1673764
1673772
1673777
1673974
1676361
1677247
1677265
1677365
1677824
1678688
1678849
1678853
1679170
1679700
1679718
1680080
1680456
1680748
1683089
1683235
1683241
1683267
1683301
1683421
1684735
1685270
1685273
1685298
1685874
1686087
1686432
1686867
1686870
1686871
1687716
1688093
1688359
1688613
1688733
1689385
1689521
1689760
1690931
1691938
1692428
1692770
1693405
1693517
1693526
1693978
1694258
1694894
1695062
1695756
1695842
1696444
1697175
1697468
1697692
1698723
1698898
1701001
1701577
1702304
1702752
1703675
1705343
1705344
1705692
1705816
1705833
1706241
1706404
1706834
1706966
1706967
1706968
1706976
1709180
1709277
1709278
1710145
1710478
1710487
1710491
1710792
1711457
1712488
1712978
1713388
1713701
1714355
1714799
1715386
1715945
1717233
1718273
1719140
1719279
1719327
1719895
1719996
1719999
1720737
1721484
1722071
1722072
1722147
1722345
1722391
1722780
1722784
1723204
1723977
1726045
1726148
1726340
1726487
1726946
1726948
1726972
1727462
1727604
1727865
1728025
1728078
1728083
1728085
1728095
1728110
1728174
1728178
1728179
1728180
1728181
1728191
1729004
1729008
1729012
1729013
1729014
1729733
1730929
1733532
1734901
1735082
1735139
1735597
1735717
1737166
1739387
1739721
1740588
1740972
1741307
1742169
1742376
1742649
1742796
1742797
1742842
1743797
1745955
1746468
1746524
1746948
1746955
1747485
1747537
1748192
1750278
1750783
1751137
1751617
1751618
1752279
1752851
1753227
1753408
1753742
1754590
1754705
1755706
1756285
1756417
1756583
1756843
1757112
1757113
1757186
1757563
1758360
1758574
1758617
1759291
1759510
1760362
1760568
1761401
1761538
1761959
1761960
1761978
1761996
1762129
1762383
1762839
1762842
1762902
1763222
1763729
1763755
1764422
1765512
1766137
1766630
1767409
1767677
1767783
1767834
1768080
1769326
1770178
1770365
1770493
1771125
1771692
1771806
1772462
1772530
1772720
1772896
1773960
1774445
1775298
1775656
1776143
1776288
1776398
1776600
1777015
1777111
1777227
1777228
1777341
1777529
1777990
1779223
1779237
1779351
1779528
1779880
1779886
1779954
1780093
1780318
1781140
1781815
1781921
1782118
1782279
1782282
1782420
1782508
1782512
1782515
1782552
1782553
1783379
1783579
1783580
1783720
1784129
1784165
1785552
1785593
1785594
1785792
1786832
1787216
1787218
1787219
1787343
1787717
1787722
1787725
1787726
1787935
1788458
1788690
1788846
1788852
1789286
1789490
1790487
1790865
1790890
1791254
1791448
1791490
1791523
1791858
1793340
1793343
1793405
1793550
1793668
1794039
1794837
1795088
1795526
1795710
1796164
1796951
1796952
1797066
1797712
1797937
1798145
1798218
1800453
1800654
1800833
1801541
1801545
1801663
1802180
1802332
1803682
1803683
1804783
1805599
1805806
1805946
1806048
1806713
1807138
1808079
1808082
1808330
1808761
1808767
1808819
1809276
1809418
1809553
1809727
1809866
1810004
1810569
1811012
1811013
1811247
1812127
1812464
1812640
1812763
1813602
1813753
1813878
1813983
1813985
1814897
1815566
1816280
1816281
1816282
1817033
1817608
1817609
1817767
1818310
1818407
1818435
1820354
1820482
1820762
1820953
1821314
1821480
1821506
1822049
1822320
1823748
1823768
1823769
1824078
1824118
1824119
1824121
1824126
1824463
1824927
1825771
1826568
1827938
1827971
1828233
1828237
1829039
1829067
1829089
1829094
1829362
1829966
1829968
1829990
1830050
1830536
1830538
1830615
1830760
1832156
1832547
1832685
1832858
1833062
1833420
1834634
1835132
1835172
1835266
1836202
1837093
1837867
1837893
1838983
1839241
1839782
1840097
1840196
1840990
1841625
1842469
1842654
1843401
1843438
1843439
1844051
1845027
1846195
1846198
1846199
1847624
1847844
1848515
1849031
1849655
1850153
1850637
1850733
1850947
1851787
1851890
1852352
1852614
1852779
1853136
1853198
1854317
1854318
1854319
1854509
1854999
1855444
1855691
1855692
1856051
1856052
1856673
1857329
1857340
1857343
1857599
1859573
1859830
1859862
1860029
1860281
1860287
1860470
1860482
1861180
1861204
1861492
1861569
1861734
1861746
1862251
1862252
1862353
1862559
1862965
1863034
1863504
1863511
1863565
1863566
1864117
1864240
1866419
1866996
1867301
1867834
1868517
1868796
1869305
1872067
1872913
1873463
1873607
1874323
1874399
1875186
1877778
1878539
1879606
1879854
1880763
1881360
1881398
1881892
1882219
1882504
1884148
1884191
1884192
1884375
1884874
1885066
1886272
1886277
1886934
1887346
1887458
1887723
1887734
1887736
1887760
1888323
1888436
1888642
1889096
1889250
1889660
1890324
1890562
1890563
1891599
1892618
1892765
1894471
1895097
1895354
1896635
1897263
1897477
1897548
1898138
1898601
1898744
1899999
1900053
1900324
1900346
1900420
1900421
1900422
1900573
1901290
1901465
1901524
1901642
1901906
1901920
1902925
1903603
1903611
1903612
1904656
1904708
1905981
1907426
1907497
1908053
1908054
1909024
1909249
1909483
1909485
1909486
1909574
1911900
1912392
1913397
1913678
1914177
1914432
1914433
1914487
1914727
1915420
1915421
1915796
1915799
1915800
1915979
1916377
1916404
1917497
1917895
1917994
1918483
1918732
1919197
1919208
1919215
1919697
1923189
1924437
1924631
1924736
1924737
1925221
1925753
1925863
1926471
1926922
1927140
1927275
1927385
1927419
1927671
1927672
1927843
1927932
1927933
1928219
1931063
1931065
1931430
1931708
1932836
1933827
1934027
1936428
1936634
1936708
1936858
1937674
1938800
1939215
1939225
1939901
1940038
1940177
1940679
1941419
1941543
1941545
1941759
1941761
1941852
1941949
1941957
1942379
1942600
1942685
1942871
1943070
1943507
1944453
1944892
1944925
1945019
1945024
1945092
1946244
1946386
1946555
1946842
1946956
1948435
1948461
1948707
1948711
1949764
1950413
1951267
1951358
1951573
1952260
1952483
1952542
1952646
1953459
1955142
1955253
1956088
1956321
1956636
1957390
1958465
1958971
1959358
1959858
1960242
1961306
1961411
1962551
1962919
1963287
1963796
1963797
1963798
1964084
1964085
1964088
1964398
1964471
1964705
1965736
1966701
1966706
1966707
1967548
1968457
1969466
1969552
1969758
1969958
1970569
1970891
1971316
1971693
1972096
1972640
1974597
1974999
1975786
1975787
1975788
1976154
1976177
1976296
1976401
1976464
1976664
1976665
1976723
1977367
1977383
1980076
1980081
1980163
1980487
1980542
1980763
1980764
1980777
1980780
1980835
1980847
1980848
1981146
1981147
1981148
1981389
1981390
1982186
1982728
1982827
1982916
1983201
1983309
1983516
1984429
1985795
1985979
1986529
1989302
1989375
1989978
1990125
1991283
1991813
1993158
1993508
1993521
1993670
1993825
1993835
1993836
1994846
1994847
1995329
1995480
1995512
1995513
1995533
1995895
1996730
1996755
1996803
1997152
1997153
1997293
1997297
1998386
1998694
1998723
1999019
1999159
1999330
1999331
1999613
1999854
2000195
2001044
2001045
2002522
2003646
2004111
2004325
2004556
2005603
2005607
2005687
2005692
2006136
2006740
2006987
2007088
2007494
2007997
2008493
2009603
2009902
2010305
2011131
2011217
2011238
2011604
2011856
2013041
2013401
2013686
2013955
2014194
2014205
2014345
2014346
2014484
2014591
2015316
2015544
2016203
2016599
2017351
2017477
2017508
2018026
2018481
2019093
2019633
2020002
2020103
2020348
2020787
2021037
2021831
2022571
2022959
2023102
2024054
2024285
2024395
2024401
2024715
2025404
2025544
2026207
2027065
2029081
2029828
2029841
2029972
2030712
2030715
2031175
2031364
2031416
2032651
2034592
2034822
2035288
2035289
2035568
2036135
2037355
2037807
2038231
2038373
2038506
2039717
2040678
2040976
2041604
2042431
2042436
2043035
2043042
2043043
2043873
2043960
2044236
2044332
2044414
2044426
2045728
2045837
2046436
2046525
2046602
2047924
2049010
2049193
2049384
2049387
2049458
2049598
2049787
2050209
2051142
2051232
2053574
2054179
2055647
2055648
2056028
2056633
2056634
2056642
2057039
2057677
2057753
2058319
2058348
2059485
2059763
2060311
2061125
2061198
2062012
2062099
2062111
2063489
2064848
2064852
2064896
2064897
2064903
2065050
2065688
2067901
2067902
2068380
2068382
2068848
2069076
2069232
2069235
2069236
2069668
2069672
2070124
2070408
2070625
2070629
2070810
2070913
2071152
2072052
2072804
2073588
2073742
2073781
2074179
2074562
2074563
2074569
2074693
2074848
2075077
2075239
2075637
2075642
2075682
2075905
2075977
2076043
2077641
2078635
2078875
2079298
2081157
2081420
2081609
2081779
2082032
2082843
2083522
2083847
2084376
2084441
2084442
2084445
2084516
2084517
2084522
2084695
2084971
2085287
2085290
2085291
2085500
2085702
2085704
2085706
2085709
2085939
2086214
2086865
2086989
2087361
2087783
2087902
2088053
2088629
2088656
2088969
2088972
2089220
2090982
2091113
2091182
2091805
2092231
2092346
2095345
2096031
2096935
2098918
2098919
2099338
2099950
2100090
2101249
2102242
2103210
2103219
2104040
2104045
2104046
2105565
2105731
2106017
2106208
2106548
2106993
2107251
2108675
2108874
2109248
2110107
2110761
2110762
2110866
2110945
2110946
2110964
2110971
2111483
2111491
2112028
2112264
2112582
2113348
2114057
2114195
2115021
2115553
2116220
2116285
2116355
2117103
2117245
2117490
2117565
2118274
2118978
2119118
2119500
2120061
2120431
2120797
2121519
2121883
2122084
2122202
2122418
2122605
2123002
2123715
2123773
2123887
2123889
2123890
2125271
2125272
2125273
2125444
2126875
2126877
2126878
2126879
2127751
2127753
2128974
2128975
2129098
2129974
2131105
2131603
2132147
2132337
2134249
2134770
2134846
2135466
2136260
2136892
2137084
2137484
2137775
2138099
2138812
2139096
2139200
2139250
2139450
2139819
2139826
2139829
2139831
2140014
2140148
2140405
2141577
2142098
2142099
2142163
2142166
2142170
2142432
2142435
2143226
2143296
2143353
2143354
2144501
2144621
2144779
2145185
2145750
2145751
2145904
2145986
2146869
2147070
2147091
2147139
2147141
2147142
2148034
2148183
2148188
2148318
2149259
2149264
2149265
2149779
2149867
2150438
2151362
2152802
2153421
2153478
2153957
2154635
2155451
2155468
2155469
2155602
2155655
2156105
2156743
2156744
2157460
2157908
2158825
2158903
2159710
2159716
2160023
2160161
2161518
2161656
2161859
2161948
2162041
2162451
2162734
2163529
2165304
2165307
2166240
2167030
2167964
2169494
2169915
2170272
2170841
2171332
2171429
2171430
2173537
2174102
2175084
2175816
2175819
2175983
2176305
2178464
2179514
2180360
2180364
2180766
2181201
2181239
2181704
2182232
2183006
2183191
2183192
2183193
2183288
2185077
2185977
2186236
2186308
2186629
2186857
2187490
2187491
2187848
2187915
2188136
2188322
2188806
2189830
2189871
2190379
2190621
2190915
2191056
2191114
2191684
2193695
2194088
2195948
2196489
2197275
2197462
2197943
2198017
2198169
2198171
2199555
2199670
2200057
2200756
2201087
2202524
2202563
2202661
2202676
2202874
2203037
2203041
2203042
2203357
2203360
2203391
2203770
2204924
2205688
2206347
2206348
2206533
2207610
2207662
2207984
2208013
2208014
2208897
2209062
2209385
2209551
2209856
2210887
2210990
2211042
2211064
2211267
2211941
2213079
2213219
2213220
2213822
2215357
2216725
2216758
2216759
2217230
2218017
2218076
2218078
2218396
2219390
2220035
2220126
2221370
2221406
2222787
2223121
2223262
2224150
2225185
2225456
2225727
2225731
2226731
2226791
2227098
2227911
2227937
2228229
2228775
2229505
2229610
2229638
2230057
2230885
2232591
2235290
2236245
2237951
2238655
2241575
2244192
2245146
2245633
2245900
2245901
2245902
2247753
2250379
2250381
2250382
2250529
2250993
2251381
2251663
2252492
2253188
2254982
2255227
2255500
2256019
2256210
2256335
2257954
2258024
2258049
2258414
2258882
2259095
2259208
2259211
2260298
2260300
2262065
2262128
2262288
2262550
2262552
2263587
2263730
2263930
2264366
2264580
2264581
2264734
2264942
2264981
2266140
2266274
2266361
2267929
2268758
2268833
2268868
2269452
2269457
2269961
2270521
2272461
2272555
2273213
2273439
2273486
2273737
2274098
2276352
2276854
2277386
2277566
2277567
2279645
2280721
2280870
2280871
2281402
2281491
2281503
2281512
2281513
2281514
2281688
2281718
2281843
2281877
2282388
2283970
2284594
2284612
2284614
2284615
2285017
2285098
2285394
2285609
2285612
2288782
2289300
2289441
2289674
2290011
2290917
2291068
2291070
2291071
2292454
2292839
2293260
2294459
2294577
2295520
2297022
2297573
2299289
2299413
2299716
2300335
2300498
2300772
2301014
2301111
2301191
2303230
2303335
2303848
2303897
2306029
2307026
2307298
2308114
2308777
2308997
2309001
2310638
2310878
2311611
2311628
2312795
2313045
2313321
2313440
2313461
2313464
2313465
2313610
2313663
2313722
2313878
2313917
2313979
2314310
2314335
2314468
2314531
2314595
2314735
2315065
2315082
2315083
2315115
2315457
2315611
2316098
2316107
2317033
2317316
2317572
2318075
2319205
2319213
2319393
2319729
2319788
2320182
2320443
2320559
2324834
2325359
2326192
2326200
2326642
2327980
2328856
2331069
2331689
2331940
2332141
2332402
2333790
2334073
2334211
2334212
2334396
2334482
2335440
2335818
2336506
2336605
2336919
2338144
2339584
2339625
2340327
2341377
2341714
2342140
2342353
2342656
2342657
2342658
2342696
2342917
2343819
2344027
2344890
2344983
2346730
2347137
2347565
2347689
2348074
2349726
2349845
2350255
2350305
2350332
2350775
2350994
2351404
2351405
2351406
2351860
2353403
2353765
2354710
2354806
2357044
2357534
2358241
2358616
2360504
2360545
2360767
2361787
2363117
2363437
2365008
2365882
2366583
2366971
2367612
2369552
2369618
2369619
2371964
2372545
2373230
2373462
2374281
2374351
2374633
2374638
2376142
2376580
2376692
2376743
2376793
2377056
2377516
2378482
2378618
2378619
2378623
2378625
2379460
2379786
2380062
2380513
2381178
2381538
2384223
2384728
2385161
2385440
2387554
2387556
2388681
2388750
2389312
2389582
2390796
2390920
2391233
2391559
2392547
2393310
2394066
2395376
2395708
2396260
2398798
2399068
2400001
2401351
2405693
2408016
2409640
2409641
2409774
2410682
2411732
2411849
2412245
2412381
2413136
2413157
2413490
2414419
2415240
2415819
2416276
2418195
2419578
2419704
2419948
2420324
2421525
2423865
2423920
2424030
2424582
2424585
2424586
2424587
2424620
2424875
2425063
2426501
2426571
2426781
2427655
2428534
2428794
2429920
2431203
2432915
2434407
2434510
2435549
2435550
2435551
2435555
2435556
2435558
2435793
2436208
2436209
2436325
2436327
2436328
2436362
2436408
2436409
2436428
2436436
2436588
2436739
2436908
2436949
2437013
2437035
2437218
2437449
2437944
2438003
2438013
2438065
2438146
2438149
2438406
2438840
2438841
2439154
2439322
2439678
2440016
2440308
2440384
2440391
2440392
2440422
2440722
2440723
2440879
2441162
2441537
2441561
2441812
2441863
2442029
2442030
2442240
2442431
2442454
2442515
2442650
2442651
2442874
2442875
2442952
2443138
2443352
2443458
2443513
2444770
2447453
2447689
2447743
2447822
2447881
2448031
2448296
2448372
2448373
2448445
2448688
2448767
2448958
2449019
2449220
2449609
2449637
2449794
2449796
2449865
2449867
2449868
2449932
2449934
2449936
2450145
2450253
2450254
2450490
2450568
2450604
2451142
2451285
2451509
2451617
2451676
2451739
2451740
2451748
2451781
2451898
2452039
2453984
2454149
2454269
2454293
2454520
2454554
2454737
2454844
2454864
2454865
2454935
2454945
2454959
2454961
2454962
2455012
2455288
2455291
2455996
2456152
2456257
2456436
2456508
2456925
2458080
2458081
2458135
2459192
2459589
2459590
2460326
2460962
2460999
2461648
2461657
2462703
2464337
2464553
2465832
2466745
2466959
2467784
2467847
2468500
2468664
2468805
2468919
2469164
2469373
2470274
2471415
2471916
2472545
2472733
2473221
2474729
2474863
2474993
2474999
2475000
2476188
2477345
2478212
2478495
2479093
2479209
2479211
2480048
2480274
2480279
2480280
2480763
2480794
2480796
2480955
2481597
2482412
2482656
2483706
2483859
2484961
2485263
2485264
2485455
2485557
2485821
2485943
2486239
2486842
2487104
2487362
2487733
2488535
2489441
2490193
2490295
2490440
2490460
2490554
2490569
2490756
2490763
2490764
2490781
2490804
2491033
2491290
2491924
2491925
2492451
2492745
2492746
2492749
2492953
2493324
2493408
2493411
2493472
2494394
2495222
2495732
2496399
2498086
2498126
2499057
2499475
2500823
2501291
2502695
2505953
2507186
2510499
2510882
2512833
2512916
2513204
2513245
2513496
2513644
2514244
2516441
2516542
2517004
2517792
2518299
2518796
2520473
2520507
2520508
2521556
2522169
2522645
2522649
2523195
2523400
2523490
2523629
2523660
2524305
2524411
2525215
2526154
2526929
2528732
2528777
2528900
2528903
2528904
2528910
2529132
2529254
2530496
2531779
2532884
2533106
2533237
2533507
2533751
2534092
2534775
2535520
2535927
2536013
2536750
2537092
2537936
2538030
2538101
2538608
2540151
2540352
2540451
2541007
2541113
2541355
2541619
2542277
2542370
2542387
2542979
2544286
2544571
2546796
2547109
2547392
2548089
2548103
2548111
2549172
2549912
2551212
2551213
2552479
2552481
2552987
2554316
2556139
2556639
2557590
2557830
2557840
2557986
2558163
2559682
2560145
2560354
2561072
2562576
2562740
2562742
2562869
2564408
2566059
2567208
2567212
2567213
2567382
2567479
2567490
2569888
2573242
2574545
2575406
2575409
2575410
2576512
2576955
2577041
2577618
2577883
2578182
2578779
2578796
2579813
2581711
2581981
2582456
2583275
2583406
2584242
2584513
2584594
2586491
2586946
2586951
2587839
2589947
2590251
2590252
2590253
2591107
2591108
2591131
2591351
2592338
2592498
2592552
2592797
2593167
2594713
2596450
2596451
2596452
2597769
2598158
2598647
2599566
2599603
2599893
2600074
2600694
2600825
2601624
2601634
2601818
2602746
2602811
2603293
2603377
2603379
2603584
2603834
2603928
2604063
2604288
2604710
2605479
2605667
2606277
2606349
2607576
2609028
2609072
2609523
2609987
2610426
2610534
2610553
2610554
2611738
2612246
2612247
2612485
2614119
2614416
2615621
2616231
2616411
2616414
2617063
2617074
2617101
2617144
2619064
2619626
2619646
2619693
2621124
2621496
2621584
2621885
2622427
2622782
2622822
2623011
2623693
2623694
2624911
2626072
2626731
2627781
2627938
2627969
2629344
2629425
2629586
2629754
2630203
2630371
2630915
2631870
2631871
2633149
2634351
2634411
2634781
2634990
2636234
2636385
2636930
2637051
2637117
2637398
2638045
2641221
2641800
2641899
2642568
2643439
2644722
2644759
2644849
2645553
2645554
2646248
2646290
2646541
2646707
2646709
2647016
2647017
2647037
2647046
2647061
2647095
2647096
2647162
2647530
2647541
2647545
2647711
2647731
2647757
2647767
2648096
2648097
2648130
2648423
2648425
2648597
2648600
2648697
2649005
2649008
2649009
2649572
2649770
2650472
2652627
2653826
2654053
2654404
2654410
2654545
2654856
2655279
2655644
2655700
2655760
2655856
2655859
2656239
2656858
2657196
2657296
2657379
2657850
2658151
2658183
2658237
2659081
2660118
2661013
2663022
2663080
2663081
2663309
2663391
2663393
2663977
2664184
2664743
2664757
2664778
2665068
2665192
2665279
2665408
2665518
2667458
2668336
2668563
2669185
2669469
2669682
2669696
2670094
2670095
2671053
2671070
2671483
2671608
2671849
2672190
2672289
2672349
2672350
2672513
2672543
2672645
2672648
2672689
2672696
2672700
2672844
2672845
2672857
2673107
2673133
2673811
2673965
2673987
2673992
2674103
2674106
2674431
2674435
2674573
2674716
2674885
2674978
2675069
2675292
2675293
2675426
2675429
2675510
2675600
2675602
2675603
2675644
2675676
2675677
2675691
2680672
2681475
2681510
2681970
2683882
2684048
2684949
2685175
2686887
2686890
2686891
2686919
2686996
2687380
2688331
2688821
2688955
2689919
2689921
2690917
2691042
2691112
2692328
2693116
2693292
2693376
2693461
2693771
2693968
2693969
2694010
2694011
2694500
2695121
2695219
2695379
2695623
2695696
2695965
2696057
2696058
2696059
2696170
2696815
2696873
2697463
2697468
2697699
2697856
2699953
2700440
2700441
2702466
2702545
2702752
2702937
2703525
2703526
2703528
2704162
2706628
2707685
2708650
2708680
2711407
2711408
2712125
2712581
2712847
2713407
2713633
2713634
2714297
2714697
2715735
2715838
2716696
2717363
2721496
2723352
2724932
2725271
2725707
2725709
2725762
2725932
2725986
2726009
2726873
2727132
2727141
2727560
2727651
2728129
2728241
2728910
2728912
2729308
2730256
2730662
2731195
2731813
2731814
2731815
2733225
2733661
2733860
2733996
2734070
2734110
2734115
2734204
2734387
2736130
2736394
2736490
2737157
2738003
2738040
2738314
2739720
2739781
2740117
2740231
2740658
2741041
2741044
2741201
2741887
2742951
2742977
2743141
2743323
2746337
2746338
2746781
2747017
2747019
2747507
2748696
2748925
2748982
2749201
2750484
2751342
2752000
2754278
2754334
2755203
2755911
2756925
2758402
2759114
2759117
2759467
2759830
2760034
2760882
2760883
2760909
2761154
2761782
2762597
2763157
2763878
2764073
2764747
2765123
2765336
2765337
2765775
2766397
2766398
2766419
2766800
2768544
2768689
2768745
2768930
2769262
2769263
2769803
2769983
2770512
2771809
2772705
2773779
2774098
2774195
2774555
2774610
2775591
2775680
2775683
2775719
2776008
2776859
2777708
2777709
2779561
2779584
2780416
2780526
2781298
2782790
2782928
2783251
2784207
2785483
2785560
2785946
2787424
2787541
2789079
2789086
2789233
2789480
2790778
2791111
2791465
2793543
2794625
2795059
2795779
2796119
2796864
2797319
2797324
2797611
2797818
2797971
2797972
2798170
2798406
2798407
2798555
2799283
2799304
2799349
2799524
2799653
2802082
2802665
2803048
2803053
2803054
2803525
2803528
2805229
2806265
2806266
2806586
2806611
2807127
2807789
2808811
2808812
2808882
2811019
2813117
2813734
2813736
2815934
2817129
2818536
2819141
2819215
2819216
2819248
2819275
2820488
2820569
2820580
2820811
2821000
2821163
2821164
2823024
2823825
2825121
2825693
2825700
2826049
2826142
2826348
2827342
2830945
2831250
2831618
2831633
2831793
2832420
2832554
2832555
2832559
2832560
2832561
2832562
2832739
2833179
2833273
2833274
2833277
2833871
2833963
2833974
2834199
2834636
2835512
2835513
2835710
2835856
2835911
2835912
2835997
2836051
2836056
2836122
2836298
2836299
2836332
2836334
2836426
2836657
2836661
2837000
2837484
2837679
2837807
2837808
2837988
2838012
2838191
2838214
2838713
2838807
2838876
2839162
2840241
2840460
2840865
2841140
2842508
2842700
2843096
2843211
2843976
2845095
2845284
2847200
2848040
2848601
2849306
2849340
2849341
2849350
2849410
2849913
2850847
2852710
2853135
2853980
2854229
2855608
2855649
2855670
2855671
2856451
2856465
2856539
2856592
2856836
2857589
2857592
2857594
2857595
2857892
2858408
2858411
2858599
2858626
2858636
2858637
2858665
2858802
2858806
2858824
2859018
2859019
2859020
2859254
2859281
2859395
2859542
2859596
2859812
2860062
2860180
2860371
2860381
2861779
2861972
2862235
2862557
2863019
2863305
2863440
2863647
2863715
2864862
2865258
2865259
2865292
2865788
2866295
2866305
2866320
2866377
2867095
2867800
2867838
2869541
2870831
2871635
2872979
2873042
2873108
2873463
2875582
2876512
2876696
2876768
2876983
2877373
2877620
2877675
2877692
2878177
2878364
2880301
2880677
2880818
2880969
2881631
2881633
2885537
2885834
2886007
2886181
2886182
2886500
2886501
2886502
2886521
2886723
2886724
2886729
2888592
2888612
2889869
2890336
2890337
2890338
2890340
2890574
2891138
2891217
2891331
2891332
2892069
2892102
2892495
2893401
2893845
2893847
2893848
2894564
2894596
2895094
2895935
2896174
2897554
2897555
2897558
2897580
2897641
2897906
2898329
2899041
2899239
2899499
2899611
2899645
2899647
2899839
2901881
2902965
2903882
2904226
2904733
2907983
2908488
2908489
2908490
2909379
2910139
2910345
2910690
2910921
2911045
2911134
2911137
2911140
2912083
2912084
2912087
2912279
2912283
2912427
2912893
2913345
2913830
2915101
2915204
2917849
2917990
2918022
2918599
2918600
2918740
2918829
2918969
2919601
2920105
2920238
2920239
2921077
2921756
2921757
2922047
2922507
2922938
2923431
2923537
2923694
2924126
2924578
2924731
2925025
2925031
2925093
2925643
2925773
2925803
2925839
2925947
2926212
2926285
2926533
2927003
2928505
2929435
2929732
2929949
2930080
2930103
2930912
2930913
2932368
2932710
2932914
2932955
2933194
2933196
2933256
2933296
2933537
2933561
2933563
2933598
2933999
2934567
2934585
2934682
2935301
2935312
2935313
2935403
2935404
2935465
2935548
2935603
2935607
2935609
2935880
2936268
2936464
2936891
2938102
2938138
2938273
2938424
2938656
2939159
2939190
2939491
2939610
2939807
2939882
2940037
2940038
2940234
2940443
2940564
2940712
2940930
2941035
2941092
2941094
2941179
2941209
2941210
2941257
2941315
2941610
2941704
2941735
2942698
2942700
2942793
2942797
2943074
2943491
2943805
2943987
2944155
2944504
2944506
2944882
2945998
2945999
2946598
2947075
2947312
2947420
2947927
2948822
2948870
2949025
2949028
2949085
2950109
2950110
2950142
2950145
2950150
2950154
2950226
2950925
2951155
2951170
2951294
2953318
2953353
2953610
2953719
2953784
2953980
2955066
2955103
2955693
2955726
2957101
2957316
2957318
2958428
2958675
2959064
2959919
2960639
2960647
2961232
2961443
2961446
2961447
2961452
2961454
2961690
2962543
2963274
2963470
2964325
2964326
2964518
2964963
2965438
2965573
2965793
2966185
2967643
2967890
2969053
2969054
2969575
2969669
2969674
2970148
2970166
2970947
2971100
2972379
2974966
2975247
2975905
2976282
2976292
2976764
2977722
2978081
2979494
2981071
2981443
2982700
2982750
2983108
2983287
2983320
2983321
2983434
2984079
2984369
2985037
2985450
2985468
2985891
2985894
2986069
2986181
2986246
2986247
2986317
2986705
2986706
2986938
2986943
2986944
2987359
2988347
2988351
2989465
2990230
2990323
2990694
2990835
2991143
2992879
2993416
2993953
2994031
2994088
2994206
2994512
2994637
2994643
2995750
2995846
2996059
2996296
2996652
2996750
2996760
2996762
2997075
2997082
2997157
2997158
2997537
2997674
2997690
2997726
2997970
2997971
2998233
2998350
2999579
2999896
2999897
3000554
3001169
3002288
3002421
3002426
3002429
3003917
3004068
3004363
3004455
3004507
3004935
3006731
3008151
3008269
3008387
3008415
3008578
3008852
3009152
3009780
3009952
3010624
3010719
3010770
3010921
3011047
3011061
3011411
3012788
3013107
3014897
3015392
3016416
3016956
3017358
3017360
3017525
3017758
3017954
3019109
3019182
3020359
3020486
3020536
3020711
3020712
3021616
3021617
3022356
3022488
3024026
3024031
3024033
3024065
3024339
3024432
3024446
3024635
3025283
3025476
3025482
3025707
3026090
3026257
3026508
3026511
3026512
3027041
3027836
3027994
3028114
3028806
3028807
3028929
3030459
3030578
3031143
3031144
3032478
3033333
3033691
3034032
3034815
3035618
3035916
3036434
3036567
3036583
3036772
3038311
3038698
3038941
3039072
3039249
3039252
3039253
3039516
3040410
3041429
3041936
3042410
3042619
3042621
3044518
3044665
3045831
3046562
3047606
3048391
3048421
3048422
3048920
3049219
3049881
3051449
3056492
3058587
3058589
3059089
3060497
3060498
3060515
3060654
3061119
3061120
3061121
3061472
3061474
3061785
3062555
3062832
3064330
3064370
3064460
3064840
3064924
3065273
3065444
3065898
3067431
3067715
3068011
3069183
3069488
3069489
3069871
3070698
3070699
3071452
3072580
3072581
3072617
3073298
3073493
3073609
3074922
3075794
3075827
3076209
3076213
3076671
3076962
3077288
3077625
3077968
3078422
3078513
3078837
3078887
3078888
3079221
3080072
3080610
3081019
3081622
3081682
3082125
3082450
3083516
3083519
3083521
3083522
3083621
3084024
3084025
3084857
3087446
3087676
3087678
3087683
3087830
3088129
3088225
3088226
3088696
3088697
3089923
3090017
3090028
3093080
3093191
3093369
3093779
3093810
3093988
3094122
3094817
3095296
3096510
3097971
3098759
3098902
3099396
3099941
3101008
3101183
3102612
3103020
3106173
3106384
3107648
3107725
3108719
3109247
3110743
3111536
3111664
3111861
3113315
3113390
3113424
3113507
3114270
3114271
3114311
3114748
3114905
3116122
3116649
3117027
3117060
3118809
3119262
3119715
3119918
3119947
3120232
3120796
3121300
3121647
3121959
3122040
3122115
3122618
3122631
3123217
3124285
3124382
3125116
3125266
3125863
3125865
3126179
3128159
3128371
3128409
3128691
3129577
3130391
3130395
3131138
3131419
3131439
3132061
3132442
3132805
3134758
3134873
3135064
3135258
3135573
3141012
3144557
3145427
3146386
3146871
3147463
3148268
3148272
3148344
3148563
3148564
3149188
3149189
3149447
3150882
3151249
3151252
3151888
3152683
3154588
3155598
3156772
3156774
3158009
3159999
3164979
3168768
3169042
3169996
3170152
3170519
3170773
3171050
3172724
3172727
3172905
3172908
3173188
3174085
3174290
3174595
3174709
3175769
3176477
3178175
3178644
3178898
3179924
3181133
3181355
3182005
3182006
3182524
3182527
3182757
3183015
3183040
3183621
3184793
3185624
3186476
3188324
3188325
3188740
3188789
3188790
3189312
3191295
3191297
3192596
3192627
3193123
3193125
3193225
3193922
3194472
3194694
3194701
3194704
3194791
3194799
3194883
3194987
3195023
3195041
3195219
3195220
3195572
3195611
3195743
3195744
3195745
3195749
3196022
3196068
3196113
3197360
3197362
3197772
3197915
3198011
3198033
3198097
3198188
3198194
3198402
3198580
3198672
3198680
3198879
3198880
3198952
3199187
3199396
3199428
3199498
3199632
3199880
3200009
3200112
3200155
3200369
3200726
3200891
3201589
3201858
3201862
3201915
3202083
3202084
3202230
3202276
3204479
3205544
3205579
3205782
3205785
3205878
3206080
3206081
3206114
3206595
3207197
3207264
3207265
3207642
3208195
3209325
3209494
3209495
3211017
3212607
3212612
3212853
3213134
3213622
3216982
3216986
3216989
3217066
3218697
3218767
3218768
3218909
3219475
3220044
3220050
3220657
3220658
3221054
3221524
3221878
3222218
3222478
3224342
3224344
3226272
3226559
3227110
3227111
3227256
3227629
3228159
3228628
3229243
3229412
3232712
3233491
3234162
3234169
3234176
3234177
3236096
3236156
3237038
3237098
3237099
3237124
3237207
3237211
3237226
3237369
3237496
3237866
3238609
3240290
3241597
3241907
3243026
3243345
3246000
3246331
3246332
3246352
3248200
3248811
3248819
3250096
3250528
3250671
3255098
3255449
3255483
3255842
3255985
3257326
3260095
3261572
3261768
3262149
3264049
3265386
3265962
3266488
3266945
3267329
3267335
3267336
3268293
3268437
3269271
3270447
3274284
3274419
3274434
3275327
3276946
3276958
3276960
3276962
3277804
3281723
3281909
3282404
3282579
3284489
3285260
3286131
3286642
3287219
3287222
3287643
3290608
3290614
3290618
3291388
3291879
3291908
3292682
3293853
3294276
3294280
3294329
3294626
3294680
3294734
3295032
3295750
3295991
3296008
3296020
3296173
3299617
3300330
3300740
3301643
3302264
3304023
3307624
3308030
3308605
3309223
3310098
3310489
3310513
3310696
3310711
3310719
3311112
3311405
3312168
3312184
3312802
3312963
3313057
3313089
3313670
3315030
3315031
3316724
3316731
3317672
3317864
3318185
3319113
3319861
3320295
3321084
3321354
3321918
3321922
3321973
3323678
3324218
3324646
3324967
3325778
3326413
3330984
3331448
3332240
3332507
3333338
3333872
3335561
3337761
3338038
3338044
3338045
3338431
3339557
3339873
3346055
3346583
3349797
3350164
3350204
3351073
3351262
3354763
3356649
3359330
3360673
3360687
3361573
3361574
3362484
3362656
3362950
3363037
3363121
3363132
3364092
3364095
3364203
3364805
3365474
3367719
3367839
3368205
3368455
3369113
3369181
3370308
3370309
3370313
3370314
3371131
3372176
3372464
3372581
3373198
3374143
3374307
3374520
3374639
3375127
3375629
3376044
3376046
3377156
3378338
3379536
3379859
3381403
3381798
3384489
3387429
3387898
3390452
3390595
3391136
3391317
3392212
3392374
3392802
3393810
3395561
3395703
3395897
3396850
3396997
3397287
3397298
3398480
3398558
3399172
3399222
3399386
3403435
3404796
3405500
3406018
3406057
3406607
3406610
3406780
3407518
3408624
3409237
3409836
3411028
3412727
3413407
3413762
3414271
3414338
3415081
3415928
3416187
3416971
3417474
3419078
3419300
3419373
3422185
3422786
3422866
3423081
3423132
3423514
3423860
3424258
3424332
3424338
3424528
3424702
3425335
3425337
3425338
3425349
3425747
3426056
3426142
3426219
3426769
3426853
3427269
3427347
3430671
3431087
3432136
3432137
3432143
3432144
3432680
3433759
3433773
3433901
3434358
3434761
3435393
3435929
3436182
3436303
3437069
3438406
3439545
3440084
3440130
3441065
3441404
3441419
3441466
3441568
3443220
3444581
3444626
3444628
3446186
3447132
3447901
3448351
3450220
3450665
3450708
3450890
3451987
3452990
3453821
3454738
3455880
3456321
3457769
3457900
3459312
3460355
3460568
3460569
3461163
3461201
3461358
3461427
3461643
3461881
3461882
3463345
3463617
3463618
3463621
3463679
3465016
3465292
3465452
3465531
3465542
3465914
3466259
3466354
3466480
3466481
3466956
3467441
3467867
3468361
3468370
3468623
3469403
3470299
3470481
3473657
3474117
3474277
3474310
3474862
3475000
3476414
3477610
3477748
3477923
3479251
3479252
3481344
3481345
3481503
3482443
3483611
3483612
3483883
3485709
3485927
3486328
3487405
3487891
3488419
3489407
3490269
3490970
3491985
3492001
3492008
3492339
3492396
3492532
3492951
3493010
3493732
3496944
3497437
3497460
3498114
3498602
3498851
3499204
3499247
3503201
3507493
3507736
3508703
3509316
3509583
3509676
3509681
3510203
3511774
3512012
3513668
3514599
3516235
3516339
3516340
3518710
3518711
3518904
3519439
3519513
3520580
3520627
3520653
3521323
3521531
3522453
3522454
3522901
3523104
3523268
3523273
3523274
3524029
3524273
3524516
3524795
3525079
3525297
3526804
3526818
3526890
3527521
3528147
3528437
3528532
3528786
3530151
3531037
3531642
3537594
3538090
3538422
3538899
3539436
3541925
3542018
3542459
3542460
3542461
3543362
3543731
3543732
3543733
3543824
3544122
3544134
3544136
3544853
3545043
3545210
3546242
3546908
3547147
3547149
3547179
3548444
3548446
3549358
3549544
3550345
3550407
3553012
3553013
3553522
3553978
3554379
3554519
3554926
3554927
3555114
3555485
3555956
3556718
3557063
3557457
3558669
3558671
3559271
3559442
3559452
3559584
3559809
3561109
3561668
3562123
3562829
3563235
3563242
3563505
3563738
3566772
3571409
3572186
3572493
3572494
3572495
3572626
3574092
3574159
3574988
3575966
3576639
3577048
3577069
3577554
3577982
3578001
3579115
3579514
3579522
3580777
3580837
3580841
3581168
3581916
3581973
3583128
3584392
3585425
3585841
3586375
3587971
3588016
3588340
3589433
3589591
3590116
3591887
3592141
3592185
3592879
3593091
3593682
3595268
3596302
3596311
3596312
3596315
3597399
3598663
3599732
3602432
3602636
3602647
3602648
3602911
3604837
3605526
3605906
3607382
3607862
3607922
3608231
3608876
3608878
3608879
3609222
3609345
3609582
3609667
3609683
3609879
3609881
3610824
3612117
3613693
3613910
3613977
3616134
3617736
3617852
3618189
3619548
3620201
3620934
3620940
3620943
3622450
3622620
3626525
3626526
3626527
3627834
3628652
3629767
3629914
3630287
3631600
3631872
3633765
3633766
3633767
3633815
3633825
3635117
3635325
3635524
3635589
3635613
3635640
3636894
3637128
3638058
3638860
3639687
3640232
3641770
3641771
3643589
3647092
3651318
3651362
3652320
3654180
3655662
3655692
3656466
3658789
3659052
3659160
3660471
3660818
3662855
3664419
3664727
3666171
3666683
3667148
3668918
3669311
3669613
3669737
3670956
3670959
3671245
3671993
3672517
3675004
3675616
3675806
3676450
3676773
3676779
3676856
3677224
3677626
3677955
3677957
3677958
3678046
3678471
3680068
3680092
3680895
3680896
3680932
3682187
3682224
3682286
3682391
3682392
3682685
3684946
3685013
3685425
3686960
3689273
3689415
3689520
3694201
3694493
3696050
3696067
3697230
3697904
3702681
3702702
3702703
3702707
3704250
3704784
3704887
3705361
3705637
3705644
3705753
3706044
3708093
3708969
3709368
3709607
3710509
3711248
3711256
3711257
3711589
3713231
3713393
3713589
3713596
3713840
3713842
3713897
3713949
3714492
3714873
3714896
3716123
3718561
3718761
3718827
3719469
3719491
3719761
3720231
3720243
3720913
3721206
3727391
3727461
3728869
3729486
3730009
3730420
3730569
3730989
3731527
3731616
3734278
3734310
3734601
3738056
3738260
3738444
3740506
3741019
3741171
3741545
3742354
3743818
3744054
3744201
3746560
3747076
3748555
3748607
3748749
3752050
3752052
3752840
3753234
3753589
3753591
3753768
3753833
3754099
3754112
3754113
3754114
3754115
3754116
3754118
3754188
3755811
3755812
3757662
3757670
3757861
3757862
3757863
3758768
3759992
3760364
3760609
3761375
3761382
3761390
3762914
3763572
3764985
3768375
3768945
3769332
3769612
3769753
3769860
3769862
3771579
3771926
3772033
3772137
3772898
3772899
3773277
3773278
3773567
3773578
3773632
3774090
3774092
3774112
3774158
3774804
3774995
3775000
3775083
3775086
3775224
3775228
3775519
3775555
3775858
3776335
3776549
3776765
3777407
3777950
3780670
3780672
3780688
3781633
3782263
3782557
3782652
3782967
3782968
3783058
3783061
3783475
3783747
3783752
3784049
3784290
3785558
3786129
3786185
3786444
3787959
3788660
3788989
3789090
3791881
3791883
3792265
3792278
3792471
3792502
3792761
3793223
3793259
3793776
3794011
3794012
3798686
3798712
3799060
3799101
3800204
3800542
3800756
3800757
3802039
3802856
3802874
3803489
3803719
3803810
3804084
3804725
3806026
3806305
3806311
3806826
3807464
3809459
3809488
3809875
3810178
3811343
3811401
3813005
3813006
3817483
3818525
3820140
3820915
3820996
3821193
3821202
3821552
3821553
3821569
3821577
3821678
3821679
3821681
3822617
3822627
3823041
3823785
3824884
3825824
3826516
3827230
3827302
3831198
3832962
3832967
3833177
3833301
3834239
3835721
3836996
3842870
3845086
3845460
3845461
3845530
3846364
3846366
3846375
3846541
3846543
3846798
3846987
3846992
3846993
3847187
3847314
3847580
3852262
3853227
3853886
3856137
3857993
3858261
3858262
3858263
3859284
3862326
3864448
3865555
3866149
3866633
3868065
3868066
3868368
3869040
3869212
3870325
3871368
3871417
3872765
3872769
3872891
3872894
3875262
3875467
3877353
3877551
3878343
3878351
3878729
3878768
3878845
3878847
3879398
3879903
3880267
3881100
3881615
3881623
3882000
3883602
3884063
3884137
3884509
3885333
3885853
3886077
3886435
3886829
3886893
3887085
3887398
3888188
3889725
3889778
3890824
3890850
3892275
3892276
3892695
3892810
3892811
3893092
3895236
3896078
3897677
3898484
3898794
3899079
3899312
3899474
3899475
3900281
3900843
3901091
3903431
3903442
3903443
3903448
3903496
3904602
3904646
3904776
3905287
3905343
3905755
3907939
3908532
3908749
3908750
3909587
3909669
3909798
3910904
3911552
3911811
3914212
3914871
3916727
3917233
3917562
3917655
3917737
3918710
3919096
3921722
3922169
3922189
3923185
3924452
3924497
3924498
3924499
3924500
3924726
3926414
3926720
3927118
3927677
3927964
3928026
3928590
3928592
3928593
3930012
3930794
3930846
3931528
3932339
3932637
3933007
3933008
3935731
3937456
3939174
3941562
3941941
3945386
3945648
3946349
3946774
3950033
3950034
3950149
3950296
3950314
3950520
3950521
3950869
3952467
3952545
3952749
3953811
3954118
3954287
3955183
3955540
3955580
3955608
3955826
3956256
3956274
3956481
3957648
3957671
3958189
3958710
3958858
3960384
3960521
3963198
3963711
3966961
3968129
3968607
3970041
3972109
3972148
3972542
3972968
3974408
3974677
3974799
3975175
3975295
3978128
3978246
3978249
3978839
3979080
3980147
3980472
3980529
3980530
3980533
3980535
3981349
3982709
3983793
3986191
3986894
3987120
3987393
3987847
3990933
3994636
3995369
3996035
3998037
3998967
3999864
4003566
4003660
4004210
4004443
4005956
4006963
4007034
4008359
4009186
4009276
4009404
4010675
4011112
4011403
4011407
4011501
4011907
4012239
4012395
4013695
4016035
4016639
4018345
4018598
4018703
4018853
4019380
4019943
4024652
4026364
4027096
4029747
4032211
4032681
4033357
4033957
4034109
4034851
4034854
4034856
4034862
4034987
4035674
4037342
4037430
4037431
4038407
4038408
4040093
4040382
4040473
4041008
4041535
4042935
4046450
4052269
4054296
4055030
4056964
4057234
4058654
4058661
4058671
4058884
4058886
4058887
4058888
4058901
4060489
4060999
4061000
4062418
4062592
4064132
4066277
4067819
4068085
4070337
4070876
4071572
4072528
4073090
4073456
4074008
4075108
4075110
4076529
4076535
4076536
4076538
4076650
4077060
4077343
4077386
4077394
4077476
4077477
4077484
4078023
4078079
4079370
4079416
4080248
4080357
4080365
4080704
4081582
4081584
4082423
4083907
4084789
4084926
4085173
4085174
4086274
4086275
4086372
4086373
4086374
4086375
4086555
4086845
4086846
4087381
4087450
4087826
4088395
4088684
4088686
4088848
4089763
4089810
4089904
4090043
4090559
4090925
4091852
4092073
4092101
4092113
4092166
4093346
4094161
4094476
4094902
4095156
4095161
4095569
4097276
4097280
4097283
4097301
4097302
4097458
4097475
4097508
4098367
4100770
4102417
4104915
4105002
4106028
4106354
4106489
4106590
4106704
4107069
4107787
4107856
4107960
4108075
4108398
4108797
4109253
4109853
4109854
4110579
4111008
4111253
4111296
4111475
4111488
4111766
4111969
4112764
4114072
4114074
4114824
4114825
4115134
4117072
4117680
4117681
4117682
4118504
4118578
4120648
4120649
4120650
4121436
4122588
4122766
4123700
4124235
4124469
4124472
4124804
4124871
4125379
4126024
4126946
4128538
4128947
4129472
4130118
4131464
4131543
4132021
4132476
4133116
4133326
4133987
4134014
4134021
4135138
4135485
4136000
4142330
4143981
4145108
4146111
4146112
4148632
4150846
4150910
4155023
4156313
4161309
4161739
4161947
4163788
4165947
4165948
4166137
4166304
4166312
4166393
4168123
4168234
4168629
4168633
4169453
4169455
4169456
4169645
4170919
4170967
4171110
4171137
4171187
4171892
4172061
4172863
4172941
4173872
4174435
4174473
4174474
4176391
4176872
4177164
4177778
4179149
4180541
4180934
4181334
4181583
4182134
4182623
4183639
4184427
4185358
4185360
4185398
4185439
4185917
4186441
4188042
4188191
4192425
4195897
4196338
4196343
4196346
4196348
4196474
4198745
4198902
4199893
4200166
4202080
4202549
4202553
4202811
4202841
4202904
4202907
4203105
4203116
4205635
4205838
4205932
4208555
4209409
4210200
4211857
4212451
4212454
4212991
4218380
4218949
4219186
4219992
4222362
4225256
4226571
4228857
4232291
4232296
4232627
4234132
4235086
4236474
4236783
4236933
4236950
4237006
4238111
4240400
4240402
4244253
4244332
4244740
4245073
4245478
4245583
4246649
4246734
4249065
4249373
4249573
4249578
4249696
4251288
4253032
4255977
4256275
4256277
4256378
4256387
4256562
4256836
4258960
4259601
4259606
4261793
4261818
4261875
4263183
4263184
4263258
4263315
4263382
4263513
4263529
4265197
4265255
4267804
4269062
4269063
4269066
4269637
4270058
4270353
4270722
4271174
4271609
4272302
4273280
4274351
4274535
4275500
4276367
4276751
4276754
4276832
4278422
4278425
4280000
4280042
4280126
4280132
4280141
4280691
4280770
4281027
4281795
4286548
4288607
4288997
4290954
4290957
4290975
4292396
4293068
4293900
4294775
4294776
4296043
4296388
4296389
4296607
4297778
4297779
4298176
4298854
4298855
4298866
4298867
4298869
4298954
4299590
4300406
4301171
4302670
4303593
4304705
4305353
4305618
4306603
4309143
4310070
4315195
4315197
4315768
4320975
4321036
4321170
4321247
4321258
4321260
4321370
4321617
4322033
4322036
4322769
4323521
4323900
4324095
4324815
4324816
4324934
4325057
4325633
4325726
4329389
4329390
4329404
4329405
4329444
4329447
4329546
4329724
4329831
4330249
4330661
4331077
4331173
4331418
4331878
4335578
4337456
4338636
4339770
4340642
4340655
4340656
4340659
4340665
4344063
4345736
4345863
4346605
4347695
4348572
4349875
4350002
4350005
4350006
4350340
4350422
4350592
4354459
4354559
4355272
4355349
4355455
4356697
4356698
4357528
4357548
4358043
4363160
4363526
4364911
4365138
4365923
4366190
4366394
4367282
4367386
4369666
4370287
4370429
4371247
4373688
4374533
4374873
4378988
4379008
4379103
4381377
4382350
4382392
4382884
4384819
4385256
4387664
4387890
4387944
4390676
4391507
4391914
4393083
4394181
4394537
4394539
4394540
4395119
4396097
4396374
4398425
4399293
4400693
4401978
4402552
4402859
4402885
4403337
4403442
4404055
4404056
4404106
4404592
4404593
4404763
4404914
4405485
4405633
4407108
4407786
4408311
4408940
4409014
4409015
4409246
4409386
4410462
4411817
4412106
4412261
4413040
4413150
4413153
4413154
4413435
4414043
4415765
4418588
4418865
4419938
4420065
4420371
4420706
4420711
4420712
4420716
4422347
4422353
4427910
4428734
4431678
4432709
4432959
4436371
4439350
4440790
4442437
4443968
4443970
4443973
4447201
4449613
4452323
4452989
4455734
4456410
4457132
4458676
4459934
4460397
4460399
4464109
4465229
4466133
4466717
4469423
4479734
4480719
4481634
4482534
4483528
4483945
4484472
4485199
4486561
4486617
4486874
4486875
4486917
4487088
4487410
4487880
4487895
4487899
4489488
4489981
4490009
4490065
4490140
4490169
4490202
4490640
4490656
4491961
4491969
4492259
4492260
4492495
4493412
4493551
4494197
4494358
4494383
4494929
4495198
4496890
4496891
4497034
4497404
4497762
4497990
4498593
4498733
4498734
4499000
4499514
4499718
4500149
4500453
4500781
4501267
4501570
4501838
4502258
4502272
4504154
4504412
4506049
4506050
4507086
4509743
4511471
4512753
4512754
4512972
4513360
4513568
4514247
4514687
4516392
4516560
4519504
4519682
4519709
4520346
4520826
4521313
4521578
4521872
4521929
4522436
4522734
4522740
4522741
4522933
4525297
4525298
4525309
4526326
4526742
4527031
4527834
4528405
4528732
4530016
4530578
4530581
4530582
4530583
4532091
4532127
4532129
4532130
4532219
4532465
4532655
4533492
4533704
4534020
4534022
4534030
4534050
4534054
4534055
4535105
4535360
4535397
4535400
4535507
4535918
4538912
4540533
4540655
4540663
4541238
4541376
4541435
4541606
4541758
4542012
4542442
4543053
4543357
4543779
4543971
4544503
4544622
4545371
4545383
4547525
4548589
4548858
4549280
4549284
4549502
4549798
4549803
4550407
4550408
4550739
4550740
4550742
4551501
4551508
4552086
4552087
4552267
4552394
4552471
4552478
4552479
4552545
4552598
4552648
4552651
4552784
4552839
4552932
4553312
4553602
4553760
4553906
4554434
4554542
4554689
4555018
4556090
4556095
4556317
4557333
4557690
4557774
4558262
4558283
4558401
4558547
4559515
4559571
4559612
4559617
4559618
4559863
4559960
4560056
4561661
4562802
4562959
4564108
4564835
4565170
4565704
4565706
4565718
4565898
4565903
4566242
4569009
4569185
4569187
4569247
4569398
4569565
4569618
4569898
4570128
4570130
4570131
4570145
4570146
4570604
4570888
4571235
4571239
4572720
4573409
4573410
4573623
4575815
4576218
4576221
4576760
4576897
4577146
4577192
4577696
4577698
4577731
4577817
4578805
4579847
4579848
4579849
4580004
4580464
4580465
4581309
4581318
4581444
4581447
4581450
4581559
4581765
4582156
4582157
4583018
4584419
4584501
4584625
4584750
4584985
4585160
4585572
4586694
4587146
4587148
4587149
4587763
4588731
4588933
4589572
4590889
4590890
4591269
4591436
4591465
4591743
4591787
4595425
4596034
4596443
4596583
4601451
4601630
4604074
4604075
4604569
4604790
4605498
4605563
4607081
4607473
4608279
4608347
4609275
4609478
4610495
4610786
4610795
4612651
4612653
4613096
4613656
4613808
4614154
4614719
4615302
4616163
4617076
4618979
4620197
4621279
4622525
4623097
4625104
4626301
4626488
4626587
4626857
4628471
4628473
4628474
4629534
4630284
4633156
4633294
4633299
4633310
4633315
4633324
4633583
4634648
4636480
4636666
4637050
4638370
4639015
4639545
4640156
4642283
4642310
4642747
4645092
4645372
4645866
4645995
4646096
4648920
4649705
4649706
4650149
4650612
4650739
4651009
4651098
4651204
4652935
4653037
4653283
4654724
4655726
4655869
4657189
4657190
4657607
4658693
4658694
4659843
4660856
4663230
4663639
4663968
4664593
4664979
4666651
4666767
4667323
4669107
4669357
4672312
4673212
4673404
4673867
4674280
4674657
4674720
4674722
4674723
4674890
4676056
4679962
4682521
4682523
4682524
4683941
4683998
4684145
4685415
4686489
4687974
4688630
4689711
4694191
4695979
4698627
4700304
4702733
4703071
4707538
4708901
4710138
4711830
4712406
4712637
4713702
4713703
4718146
4724499
4724551
4725074
4725190
4725546
4726886
4727928
4728629
4729181
4729881
4732699
4733160
4735194
4736716
4739577
4739578
4740504
4740505
4741585
4742010
4742970
4743345
4743346
4743355
4743357
4743497
4744467
4745741
4745759
4748350
4749534
4750094
4750095
4750097
4750358
4753197
4753821
4754864
4755427
4755584
4756000
4757522
4758724
4759344
4759923
4760063
4760220
4762015
4762260
4762268
4762905
4763253
4763690
4764430
4766062
4767240
4767525
4768221
4768224
4769798
4769814
4769816
4771538
4771540
4772520
4774045
4775307
4775565
4775591
4776644
4776718
4777721
4779546
4779829
4779833
4780252
4780419
4780493
4780592
4781423
4782494
4782799
4782802
4782804
4782805
4782806
4783073
4783337
4783338
4783472
4783605
4783606
4783797
4783910
4786363
4788012
4788687
4793794
4795088
4795090
4795091
4795092
4795306
4798826
4798829
4798831
4801270
4803334
4804637
4805477
4806695
4806996
4807685
4807954
4809076
4810130
4810283
4810324
4810475
4811648
4812412
4813008
4814012
4814263
4814729
4815732
4817052
4819464
4820440
4820694
4821146
4822110
4822529
4823341
4824011
4824494
4826263
4830188
4830426
4830495
4831102
4833800
4834872
4836751
4840191
4840287
4843823
4843824
4845097
4846365
4846476
4849800
4849803
4849971
4851283
4851457
4853232
4854038
4854072
4855356
4855358
4855615
4856521
4857665
4859462
4859463
4860923
4861552
4862409
4863590
4864707
4864774
4865486
4867859
4868419
4868424
4868425
4868873
4869744
4869806
4869994
4870620
4874250
4874251
4874451
4877194
4877533
4879057
4880111
4880546
4882530
4882640
4883237
4885842
4886017
4886186
4886384
4886491
4887263
4887264
4888552
4888554
4889221
4890334
4891952
4892533
4894911
4897248
4897422
4898091
4898093
4898142
4898246
4898727
4899402
4899405
4900348
4900350
4901059
4901606
4901964
4902991
4902992
4903153
4903474
4903677
4904058
4904095
4904202
4904216
4904342
4906189
4906927
4907008
4907548
4907790
4907907
4909351
4910511
4912225
4914151
4914600
4915138
4915209
4915210
4915450
4915538
4915686
4915944
4916850
4917580
4918130
4918133
4918912
4921831
4922814
4923198
4924142
4925200
4928387
4930327
4930657
4930846
4931200
4931379
4932549
4933597
4934000
4934131
4934580
4934953
4934957
4935032
4938592
4938904
4939550
4939964
4939970
4940198
4940435
4940448
4940716
4942296
4948296
4948720
4948723
4949006
4949164
4953132
4954097
4954098
4954761
4955029
4955085
4955279
4955397
4955964
4956335
4956339
4960050
4960917
4962037
4963133
4963284
4963285
4963286
4963499
4963804
4964058
4964412
4964475
4964803
4965470
4966829
4967083
4967260
4967367
4967885
4967921
4968395
4969685
4969956
4970217
4970240
4970468
4973505
4973681
4974288
4974478
4974600
4974601
4974678
4974898
4975122
4975631
4976099
4976747
4976789
4977081
4977218
4977219
4978168
4978602
4978655
4978804
4979024
4979337
4979636
4979670
4979826
4979865
4980703
4982132
4982389
4983040
4983055
4983702
4984133
4984450
4984600
4984609
4984611
4985526
4987163
4988890
4990161
4990162
4990166
4990707
4991022
4991292
4991835
4992505
4993680
4994642
4994752
4994807
4995155
4995257
4995373
4996780
4997435
4997439
4997958
4998723
4999126
4999128
4999192
5000047
5000573
5000574
5003071
5003668
5003786
5003861
5004691
5005173
5006548
5006891
5007257
5007308
5008138
5009738
5009744
5010594
5010599
5010981
5012160
5013508
5013530
5013533
5013568
5013812
5013870
5013941
5015208
5015775
5017680
5018377
5018441
5018519
5019243
5020702
5021556
5021801
5022008
5022237
5024215
5024400
5024410
5024476
5024789
5024790
5024795
5025078
5025079
5025106
5025456
5025494
5025675
5025951
5026333
5026418
5026662
5026839
5027989
5029127
5029130
5030013
5030910
5030925
5032330
5032350
5032353
5032354
5033447
5033585
5033587
5034119
5034142
5034677
5035834
5037972
5037987
5038056
5038057
5039974
5041070
5044127
5045805
5045808
5045910
5046132
5046329
5046496
5046497
5047005
5047590
5047850
5048367
5048690
5049215
5049768
5050817
5050826
5052828
5053330
5053775
5054077
5054345
5054498
5055918
5056791
5057554
5057607
5057609
5057611
5058126
5059380
5059618
5059829
5059856
5060276
5065973
5065974
5068263
5068264
5068265
5068629
5069469
5069647
5070392
5070886
5072270
5073834
5075069
5075070
5079256
5079352
5079738
5079742
5080809
5082721
5082977
5083946
5085292
5085889
5086456
5088311
5089423
5089563
5091341
5094181
5095424
5096058
5097595
5097922
5099195
5099990
5102920
5105176
5105702
5106918
5107426
5108152
5108784
5109582
5110499
5111257
5111332
5111912
5112830
5113115
5113116
5113194
5113458
5113700
5113889
5113890
5114184
5115926
5117100
5117704
5119986
5120341
5120653
5121665
5123482
5123807
5124268
5124269
5124973
5124974
5126477
5126550
5126882
5127375
5128622
5130344
5130591
5130655
5131278
5131889
5132170
5132172
5132268
5133623
5134878
5135377
5136498
5136630
5137609
5137613
5137618
5137619
5138696
5138925
5139062
5139586
5139954
5140497
5140852
5141082
5141436
5141438
5141441
5141442
5141453
5142733
5142735
5142736
5142807
5144161
5144579
5146048
5146049
5146418
5146488
5148092
5148294
5148350
5149642
5149643
5150804
5150947
5152223
5153011
5154012
5154467
5154865
5156801
5157795
5157909
5158826
5159397
5159652
5160930
5161189
5162484
5163170
5164183
5165475
5166122
5166128
5166295
5168709
5168782
5169150
5170807
5172941
5174075
5175436
5175831
5176271
5178335
5178521
5178526
5178965
5179076
5179077
5179078
5179308
5179439
5179731
5180133
5180247
5180420
5183056
5183633
5183899
5184392
5185183
5185826
5187250
5187400
5187475
5187489
5187649
5187655
5188636
5189030
5189670
5189715
5189956
5190891
5190973
5191709
5193770
5193895
5194601
5196161
5196222
5196597
5197650
5198991
5198993
5199344
5199811
5200244
5201849
5202153
5202660
5203012
5203814
5203816
5204094
5204098
5204915
5206135
5206146
5207804
5207810
5207900
5208267
5208519
5208803
5209348
5210420
5210458
5210885
5211067
5211068
5212323
5212350
5213432
5214915
5214916
5215349
5215687
5215689
5215693
5215694
5215769
5215853
5215930
5216030
5216186
5218554
5220803
5220912
5221630
5222045
5222207
5222712
5223929
5223937
5227164
5227168
5227687
5228106
5228500
5228783
5229346
5229447
5230489
5232757
5233646
5233755
5234599
5235119
5235170
5235974
5236034
5240449
5240458
5240463
5240646
5240651
5241280
5241281
5242688
5242947
5243569
5243811
5245572
5246342
5246515
5246636
5246821
5246998
5247805
5247809
5247986
5248300
5250402
5251883
5253250
5254909
5255828
5257802
5258073
5260487
5260515
5260667
5261049
5261825
5262087
5262110
5263443
5263580
5263647
5263732
5263848
5264183
5264494
5264870
5265422
5265423
5265851
5265903
5265906
5265907
5266149
5266791
5267967
5269026
5269031
5269196
5269520
5269564
5272084
5273295
5273542
5274211
5274676
5274970
5275031
5275240
5275425
5275786
5276013
5276362
5277275
5277311
5277586
5277700
5277834
5277835
5278055
5278096
5278327
5278416
5278471
5278730
5279632
5279698
5281997
5282041
5282125
5282300
5282740
5283319
5284158
5284683
5284746
5289532
5290313
5290980
5291073
5294177
5294538
5296240
5296241
5296596
5297327
5297708
5297842
5297859
5298033
5298144
5298148
5298149
5298365
5298383
5298786
5298988
5301052
5303913
5303917
5303924
5304362
5307371
5308029
5308304
5310436
5312417
5312652
5313876
5314796
5314797
5315051
5315108
5316162
5316517
5317180
5317224
5317235
5317851
5318003
5318044
5318048
5318699
5318700
5321478
5321532
5321559
5322751
5322768
5323509
5323730
5324216
5325447
5325516
5326982
5327140
5328509
5329235
5329236
5329237
5330178
5330438
5330454
5330965
5330967
5331042
5331265
5331400
5332462
5333366
5334136
5334722
5336010
5336011
5338814
5338815
5340362
5340781
5340847
5340901
5340914
5340917
5340918
5340936
5341182
5341306
5341411
5341479
5341868
5342026
5342143
5342172
5342543
5342660
5342926
5342927
5343022
5343066
5343300
5343321
5343324
5343338
5343341
5343867
5343876
5343981
5345448
5345482
5345484
5345709
5346032
5346139
5346272
5346275
5347073
5347843
5347915
5348157
5348301
5348468
5348487
5351097
5352268
5352855
5352856
5353264
5353911
5354096
5356973
5357751
5358173
5359483
5359548
5359853
5359870
5359871
5360069
5360132
5360204
5360289
5360347
5360349
5360356
5360398
5360441
5360445
5360716
5361519
5361799
5363466
5363800
5364533
5364534
5364535
5364913
5365158
5365868
5366171
5367070
5367321
5367322
5368694
5369592
5369598
5369678
5369942
5370713
5370715
5370728
5371008
5373362
5373471
5374290
5375244
5375427
5378331
5380272
5380937
5383095
5383273
5383277
5383283
5386402
5386404
5386408
5386409
5387864
5387973
5387974
5388078
5390795
5390803
5392098
5394014
5394168
5394799
5405575
5407037
5407282
5407426
5409302
5409905
5410566
5411527
5412943
5414229
5415509
5416039
5417853
5418205
5419090
5419569
5419718
5420456
5421647
5421684
5422066
5422496
5422818
5423462
5423736
5424079
5424513
5425555
5431559
5432259
5435111
5435300
5436227
5436280
5436371
5436433
5436668
5439054
5443590
5445089
5446730
5448400
5449442
5449920
5449956
5449961
5449966
5450342
5451035
5452334
5453448
5453452
5453458
5453460
5453462
5453472
5453479
5453489
5453492
5453496
5453497
5453500
5453504
5453507
5453508
5453509
5453513
5453514
5453517
5453524
5453537
5453541
5453549
5453555
5453561
5453567
5453570
5453579
5453581
5453582
5453585
5453587
5453590
5453595
5453608
5454128
5454996
5456079
5457293
5457806
5458669
5458854
5459362
5461465
5463140
5464122
5464187
5464856
5466734
5467293
5467380
5467381
5467382
5467575
5468063
5468642
5468646
5469357
5469456
5470706
5470867
5471141
5471260
5472576
5473087
5473227
5475040
5476334
5478045
5478464
5478881
5479086
5479968
5479969
5479972
5479979
5479980
5480246
5481425
5481477
5482293
5483068
5483284
5484099
5485137
5485599
5485808
5485880
5485881
5485882
5485961
5488286
5488469
5488774
5489502
5489994
5489997
5491144
5492591
5493611
5494727
5495190
5495431
5495438
5495501
5495643
5495644
5498971
5498972
5498983
5499216
5500857
5501213
5502218
5502852
5502991
5503612
5504145
5504875
5504958
5505647
5505650
5505652
5506347
5507893
5509338
5509488
5511195
5511807
5512280
5514330
5514331
5515451
5515730
5516019
5516023
5516024
5520260
5520262
5521584
5521585
5522876
5523126
5524444
5524839
5525694
5525700
5526252
5526254
5526264
5526462
5526916
5527120
5527122
5528429
5529301
5529419
5530823
5530825
5533209
5533679
5534053
5534461
5534467
5534469
5536572
5536574
5536575
5536744
5538975
5539257
5539564
5540912
5543418
5545849
5546992
5547087
5547174
5547528
5547808
5547844
5547877
5547893
5548093
5548246
5549106
5549107
5549108
5549198
5549934
5550048
5550049
5550893
5551466
5552151
5553632
5553755
5554259
5554383
5554384
5556707
5557556
5557653
5558096
5558190
5558408
5558571
5558638
5559137
5559470
5559861
5559862
5559863
5559866
5560109
5560949
5560960
5561026
5561070
5561815
5561986
5562108
5562162
5562198
5562389
5562945
5563446
5563624
5563657
5563703
5563707
5563710
5563720
5563761
5563764
5564065
5564282
5564307
5564579
5564614
5566399
5569435
5569552
5570187
5571000
5573629
5573749
5574760
5575241
5575512
5576441
5576523
5576709
5576971
5577511
5578035
5578162
5578163
5578702
5578918
5579512
5580295
5580384
5580851
5582866
5584659
5584661
5584797
5584852
5585260
5586772
5586876
5589329
5589443
5591620
5591750
5591982
5592023
5592257
5592430
5593057
5593364
5593859
5594178
5598035
5600889
5602485
5602826
5604342
5605841
5613652
5613777
5613857
5614172
5614198
5614476
5614635
5616138
5616884
5616890
5618468
5619103
5621482
5622565
5623381
5623941
5623957
5624764
5625278
5626375
5626376
5626390
5626437
5627950
5630092
5631334
5631335
5632583
5632867
5633238
5634089
5634090
5634223
5635249
5636548
5636587
5637641
5637646
5637648
5638006
5639288
5639301
5641509
5643924
5644258
5644886
5645463
5646945
5646991
5647433
5647583
5648015
5648089
5648118
5648469
5649222
5649223
5651252
5651523
5652200
5652259
5652312
5652536
5655121
5656691
5659363
5660051
5660510
5662958
5663510
5663544
5663613
5665106
5665503
5665515
5666554
5666555
5666682
5667027
5667071
5667290
5667395
5669020
5669868
5670018
5670473
5670474
5671878
5672596
5673503
5673504
5674250
5674254
5674276
5674281
5674283
5676199
5676902
5677592
5678047
5678539
5679365
5679572
5684661
5684662
5686412
5686757
5687204
5687800
5687801
5687860
5689230
5690186
5690187
5690234
5693121
5693123
5693141
5693143
5693246
5693247
5694087
5695233
5695286
5695369
5695439
5696015
5698467
5698612
5698751
5698805
5699583
5699616
5700001
5700872
5700888
5700925
5700988
5701028
5702088
5702447
5702613
5703447
5703523
5703910
5704302
5704607
5704779
5704996
5705221
5705555
5705598
5707753
5707942
5708121
5708474
5710458
5711182
5712833
5713334
5713370
5714098
5714122
5714127
5714208
5714302
5714403
5714418
5714816
5714927
5714961
5715178
5715179
5715532
5715625
5715834
5716400
5716672
5717470
5717624
5717871
5718052
5718753
5719217
5720063
5720751
5722743
5723191
5723292
5723527
5724067
5724174
5724308
5724676
5724952
5725044
5725307
5725341
5726374
5726632
5726845
5727009
5727010
5727014
5727082
5727622
5727800
5728594
5728623
5729241
5729242
5729698
5729702
5729990
5731048
5731128
5731264
5731506
5733282
5736302
5736456
5738225
5739385
5739845
5739856
5739859
5739865
5740333
5740662
5741933
5743876
5744353
5745750
5745769
5745770
5745791
5746036
5746454
5747555
5748053
5748714
5748717
5748842
5749111
5749211
5749365
5749667
5750731
5751107
5753185
5753186
5753187
5753977
5755325
5756001
5756003
5756025
5756829
5756832
5757234
5757241
5757802
5757858
5758162
5760120
5760131
5760382
5760399
5760400
5760430
5760432
5762641
5762643
5762836
5763546
5763761
5765806
5766335
5769221
5769222
5770008
5770009
5770013
5770014
5770964
5771016
5771739
5772019
5772020
5773028
5773162
5773194
5773375
5773446
5773447
5773456
5773556
5773566
5773632
5773692
5773987
5773990
5774568
5775091
5775180
5775742
5775745
5776029
5776149
5776395
5776797
5777300
5777301
5777392
5777556
5777576
5777642
5777650
5777651
5777652
5777706
5778003
5778028
5778264
5778289
5778291
5779493
5780410
5780413
5780902
5780908
5780909
5780930
5780955
5781063
5781178
5781520
5781867
5781914
5782258
5782265
5782367
5782932
5784674
5784677
5785193
5785289
5785299
5786503
5786997
5787033
5787038
5787073
5787106
5787226
5787519
5787601
5788109
5788113
5788114
5788172
5788220
5788391
5788403
5789578
5789661
5791004
5791410
5791544
5791760
5792165
5792266
5794873
5795369
5796224
5796983
5797561
5798003
5798349
5799392
5799878
5800312
5800314
5800404
5801765
5801880
5801967
5802763
5802822
5802960
5803209
5804146
5804885
5806234
5806895
5807485
5807710
5808398
5810347
5811718
5812773
5813949
5814752
5815001
5815002
5815032
5815555
5815556
5815557
5815560
5815646
5815875
5816345
5816873
5817172
5817498
5817836
5817892
5818151
5818540
5821525
5822683
5826158
5826319
5828085
5829140
5830622
5833913
5834003
5834394
5834483
5834485
5835166
5835502
5836015
5837046
5837221
5837309
5837321
5838023
5838429
5838435
5839103
5839630
5840369
5840575
5840787
5842768
5843852
5843853
5843854
5844314
5845624
5845626
5845627
5845647
5845971
5845972
5845973
5846837
5847014
5847596
5847633
5848133
5848738
5849339
5851529
5851537
5851539
5851902
5851907
5852020
5852109
5852482
5852562
5852974
5853123
5853365
5853443
5855105
5855106
5855235
5855524
5855941
5857608
5859895
5860263
5861183
5863023
5863358
5864218
5864547
5865732
5865971
5866022
5866070
5867034
5870504
5871735
5871849
5873364
5874410
5875403
5875705
5875706
5877064
5877303
5878640
5879604
5879710
5879949
5881979
5883008
5884627
5884629
5887366
5887509
5889620
5892840
5892841
5893550
5893552
5893553
5894779
5895029
5895036
5895914
5895957
5896498
5897050
5898158
5898459
5899264
5899265
5900142
5901293
5901371
5901620
5902785
5902862
5902932
5904527
5904820
5905522
5905586
5905835
5905890
5906042
5906108
5906207
5906208
5906228
5906795
5906796
5906797
5906802
5906805
5907056
5907057
5907058
5907483
5907824
5907955
5908161
5908269
5908270
5908398
5908831
5908833
5908840
5909086
5909228
5909233
5909257
5909447
5909504
5909525
5909529
5909630
5909714
5909751
5910030
5910104
5910105
5910134
5910656
5910730
5911014
5911282
5911302
5911575
5911583
5911613
5911672
5911887
5911948
5911962
5912325
5912329
5912799
5912947
5913235
5913237
5913311
5913650
5913737
5913748
5913756
5913757
5913758
5913804
5913858
5913920
5913921
5914024
5914041
5914744
5914747
5914869
5914872
5914896
5914957
5914993
5915123
5915141
5915147
5915209
5915241
5915273
5915339
5915366
5915402
5915407
5915549
5915551
5915554
5915984
5916072
5916100
5916105
5916149
5916259
5916322
5916512
5916893
5916958
5916960
5916975
5917054
5917064
5917103
5917162
5917206
5917257
5917276
5917278
5917281
5917941
5918003
5918225
5918226
5918227
5918265
5918312
5918313
5918477
5918515
5918520
5918646
5918653
5918654
5918656
5918811
5918827
5918828
5918857
5919047
5919049
5919091
5919221
5919386
5919547
5919593
5919594
5919596
5919684
5919707
5919734
5919735
5919871
5919977
5920228
5920510
5920612
5920746
5920784
5920787
5920930
5920937
5921057
5921065
5921269
5921271
5921335
5921381
5921472
5921486
5921506
5921512
5921513
5921944
5921978
5921989
5921990
5922043
5922096
5922139
5922230
5922285
5922523
5922535
5922557
5922565
5922567
5923136
5923312
5923376
5923656
5923773
5923774
5923787
5923842
5923875
5923926
5924195
5924263
5924320
5924338
5924410
5924411
5924501
5924643
5924855
5924909
5924910
5925132
5925153
5925479
5925571
5925647
5925682
5925774
5926194
5926377
5926419
5926656
5926717
5926722
5926906
5927273
5927379
5927440
5927444
5927575
5927641
5927700
5927702
5927746
5927764
5927928
5927931
5927938
5928257
5928340
5928360
5928364
5928366
5928375
5928446
5928450
5928866
5928979
5929321
5929349
5929350
5929435
5929490
5929664
5929687
5929797
5930018
5930024
5930066
5930072
5930089
5930120
5930534
5930681
5930682
5930716
5930976
5931107
5931114
5931167
5931235
5931380
5931574
5931676
5931740
5931744
5931767
5931840
5932045
5932165
5932221
5932260
5932304
5932470
5932478
5932702
5932710
5932860
5932863
5932909
5933116
5933130
5933131
5933151
5933407
5933490
5933540
5933543
5933806
5933855
5933976
5933992
5934054
5934264
5934267
5934332
5934450
5934452
5934798
5934799
5934897
5934898
5935054
5935310
5935412
5935648
5936088
5936243
5936550
5936556
5936710
5936796
5937083
5937084
5937197
5937278
5937312
5937756
5937854
5937998
5938240
5938241
5938242
5938377
5938417
5938513
5938943
5938999
5939016
5939211
5939255
5939352
5939621
5939683
5939931
5939967
5940238
5940244
5940432
5940509
5940624
5940642
5940724
5940891
5940932
5940933
5941331
5941433
5941453
5941454
5941455
5941475
5941518
5941678
5941738
5941833
5941835
5942086
5942422
5942564
5942708
5942709
5942764
5942867
5942935
5943219
5943432
5943512
5943597
5943739
5943787
5943798
5944033
5944034
5944144
5944366
5944662
5944707
5944732
5945068
5945218
5945243
5945304
5945336
5945338
5945340
5945575
5945635
5945737
5945779
5945780
5945781
5945934
5945953
5946060
5946062
5946121
5946123
5946279
5946292
5946412
5946863
5946894
5947308
5947711
5947774
5947790
5947872
5947997
5948000
5948044
5948097
5948582
5949012
5949254
5949268
5949300
5949303
5949814
5949971
5950073
5950093
5950107
5950197
5950305
5951038
5951041
5951098
5951099
5951187
5951238
5951309
5951310
5951311
5951313
5951347
5951348
5951370
5951406
5951427
5951428
5951434
5951443
5951453
5951454
5951455
5951456
5951459
5951734
5951886
5951965
5952004
5952063
5952436
5952471
5952754
5952966
5953033
5953036
5953045
5953046
5953047
5953232
5953840
5953843
5953916
5953917
5953928
5953929
5953998
5954034
5954482
5954492
5954578
5954770
5955120
5955141
5955308
5955519
5955665
5955747
5956102
5956410
5956776
5957123
5957133
5957176
5957226
5957228
5957658
5957666
5957682
5957794
5957923
5957995
5958084
5958121
5958320
5958502
5958537
5958808
5958809
5958980
5958997
5959084
5959086
5959087
5959151
5959348
5959353
5959354
5959355
5959504
5960352
5960359
5960391
5960486
5960491
5960642
5960645
5960647
5960649
5960702
5960755
5960904
5960939
5961074
5961252
5961751
5961804
5961890
5962059
5962454
5962524
5962528
5962606
5962609
5962781
5962809
5962825
5962848
5962867
5962937
5962987
5963044
5963123
5963144
5963145
5963310
5963476
5963479
5963612
5963814
5963909
5963922
5963923
5964016
5964017
5964038
5964416
5964604
5964605
5964640
5964853
5965033
5965034
5965071
5965159
5965220
5965405
5965436
5965529
5965566
5965570
5965579
5965590
5965725
5965946
5965996
5966126
5966602
5966775
5967265
5968395
5969822
5970015
5970600
5971609
5971698
5971877
5972161
5972970
5973194
5973225
5973227
5973941
5973973
5974096
5974107
5974475
5974476
5974562
5976118
5978125
5978268
5978636
5978662
5979070
5979071
5980452
5980495
5981733
5982132
5982670
5984168
5984249
5985670
5985932
5986105
5986452
5986456
5987730
5987744
5987762
5988078
5988231
5988318
5988419
5988707
5988729
5988736
5988773
5988796
5989132
5989195
5989869
5990053
5991966
5991967
5992288
5992623
5993862
5993908
5996489
5996499
5996508
5996519
5996520
5996521
5996529
5996544
5996545
5997046
5997067
5997084
5997149
5997365
5997654
5998755
5999251
5999441
6000484
6001424
6001463
6001475
6001700
6001724
6001802
6001908
6002000
6002810
6002861
6003558
6003858
6003967
6004458
6004711
6008430
6008467
6012169
6013724
6014567
6015165
6015519
6015532
6017255
6019644
6020401
6020866
6021293
6021406
6021898
6022476
6022757
6024858
6025553
6026087
6026088
6026089
6026411
6026526
6027621
6027622
6027625
6027741
6028203
6028477
6028497
6028500
6028537
6028913
6028944
6029039
6029244
6029385
6029389
6029669
6029812
6029927
6029928
6030433
6031512
6032643
6033282
6034113
6034391
6034618
6035054
6035056
6035288
6035289
6036329
6036343
6036344
6036433
6036497
6036652
6037440
6037446
6038226
6038572
6039115
6039129
6039152
6039228
6039525
6041173
6041536
6041772
6042082
6042514
6042517
6042636
6042978
6044354
6044569
6045343
6045344
6045345
6045507
6045815
6046300
6046335
6047702
6048422
6048423
6049645
6049856
6051184
6051351
6052237
6055820
6067575
6067780
6069805
6070466
6070469
6070583
6071488
6071544
6072416
6072767
6072969
6073197
6073694
6074031
6074424
6074501
6074502
6074793
6074796
6074798
6075395
6076322
6078661
6078726
6078739
6078954
6078967
6079629
6080874
6080906
6081120
6081455
6081514
6081578
6082176
6082536
6082919
6083018
6083055
6084236
6084237
6084372
6084373
6084466
6084467
6084851
6085160
6086681
6087186
6087260
6087366
6087548
6088731
6089701
6089822
6092302
6092348
6092598
6094597
6094802
6094861
6095709
6096068
6096210
6097547
6098232
6098405
6098623
6098645
6099166
6101105
6101642
6102648
6103133
6103684
6103685
6105102
6105938
6108341
6108441
6110369
6110987
6111103
6111599
6112233
6113213
6113334
6113335
6113376
6113434
6113871
6113956
6114389
6117147
6117457
6118320
6118725
6118835
6119413
6119418
6119423
6120745
6120764
6125347
6126674
6126841
6128095
6128890
6129487
6131643
6131700
6133150
6133467
6135583
6138181
6139600
6141572
6143159
6143646
6144637
6144665
6144983
6145054
6146167
6146777
6147346
6147351
6147908
6147968
6148238
6148672
6149266
6149267
6149380
6149560
6151017
6151024
6151668
6151821
6151931
6152038
6152053
6152054
6152248
6152249
6152573
6152663
6152824
6152916
6152945
6153218
6153219
6153221
6153564
6154838
6157088
6157089
6159486
6159701
6159788
6161418
6161652
6161682
6161683
6161684
6161740
6161741
6161854
6161855
6162663
6162790
6162828
6163158
6163381
6163684
6163685
6163772
6163801
6164304
6164345
6164657
6164784
6164789
6164905
6165746
6166693
6166694
6166697
6166759
6167099
6167434
6167732
6170674
6172783
6173288
6173458
6173459
6174236
6175216
6175762
6184067
6184317
6191678
6192469
6194521
6194855
6195011
6204612
6204613
6205226
6205535
6205548
6205549
6205576
6205678
6206193
6206597
6206663
6206947
6206949
6207039
6207223
6207424
6207449
6207474
6207552
6207553
6207741
6207928
6208032
6208146
6209210
6209218
6210009
6210088
6210567
6210701
6211156
6212621
6212650
6212824
6213518
6213758
6214547
6216050
6216597
6217682
6217738
6218249
6219827
6220346
6220351
6220617
6220618
6220619
6220880
6220996
6224331
6225078
6225870
6225876
6225901
6227968
6228582
6229414
6229893
6230626
6230766
6230809
6231476
6231726
6231777
6232250
6232617
6232724
6232725
6232726
6233034
6235266
6235270
6238004
6239537
6239580
6239727
6242848
6243187
6244507
6245759
6245761
6250382
6250384
6250781
6251634
6251694
6252186
6253616
6253618
6256473
6256826
6257265
6257303
6257595
6257858
6258233
6258460
6258787
6259248
6259298
6259525
6260178
6260201
6260305
6260338
6260687
6260898
6261308
6261602
6262109
6262306
6262308
6263561
6263879
6265173
6265961
6266131
6266277
6266561
6266860
6266876
6267323
6267324
6267838
6268196
6268676
6269013
6269047
6269051
6269132
6269689
6269853
6270515
6270526
6270532
6270534
6270618
6270851
6271105
6271555
6271557
6271802
6272166
6272276
6273545
6273807
6273897
6275305
6275688
6275770
6276047
6276048
6276659
6276663
6276988
6277975
6278095
6278096
6278097
6278529
6279502
6279504
6279505
6279531
6279762
6280892
6281317
6281341
6281394
6281609
6281798
6282215
6282605
6283577
6283579
6283615
6283968
6284803
6284805
6284807
6285203
6285720
6286090
6286690
6286738
6287876
6288333
6288359
6288361
6288738
6289083
6289461
6289639
6290189
6290198
6290225
6290227
6290304
6290305
6290307
6290513
6290818
6290824
6290825
6290826
6290863
6291046
6291315
6291855
6292195
6292561
6292892
6292997
6292998
6292999
6293255
6293446
6294385
6294647
6294648
6295277
6296285
6296317
6297091
6297092
6297548
6297550
6297573
6297574
6298107
6298479
6298613
6298692
6298693
6298749
6298750
6298762
6298839
6299047
6299722
6300318
6300323
6300443
6300444
6300462
6300717
6302289
6302842
6302980
6302982
6302983
6303231
6303614
6304231
6304390
6304404
6304988
6304989
6305089
6305221
6305440
6305992
6306328
6306386
6306387
6306390
6306391
6306597
6307163
6307191
6307565
6307672
6307673
6308524
6308933
6309605
6310330
6310332
6310368
6310719
6310879
6310934
6311127
6311173
6311380
6312040
6312158
6312221
6312437
6312438
6312442
6312444
6312445
6312455
6312474
6312590
6312592
6313411
6314040
6314256
6314520
6314874
6315935
6316142
6316486
6316600
6316745
6316746
6316925
6317793
6317794
6318740
6318750
6320228
6320454
6320455
6320551
6320552
6320565
6320840
6320847
6321183
6321185
6322925
6322965
6323407
6323538
6323540
6323541
6323804
6324093
6324567
6324648
6325089
6325542
6325829
6325849
6328028
6328399
6328798
6329034
6329407
6329413
6329417
6329418
6329420
6331558
6332662
6333374
6333466
6333467
6333469
6335319
6336815
6336825
6337648
6337833
6338052
6338533
6338539
6338836
6339290
6340057
6340564
6340616
6340617
6340971
6341002
6341216
6341498
6343460
6344054
6344056
6344057
6344833
6344995
6345556
6345816
6347078
6349704
6350574
6351301
6354771
6354799
6355026
6355027
6355626
6355702
6357118
6357746
6357938
6358438
6359311
6359374
6359560
6361003
6361409
6361797
6363270
6363362
6364486
6365456
6365621
6365723
6365842
6366035
6366917
6367074
6368178
6368219
6368756
6368758
6369438
6370830
6370984
6370993
6371174
6371444
6371934
6372260
6372684
6374051
6374080
6374500
6375207
6376093
6378155
6378156
6378269
6378580
6379689
6380359
6381763
6382080
6383295
6383571
6383796
6384232
6384234
6384235
6384236
6384726
6384885
6385442
6385608
6385629
6385893
6385894
6386307
6386523
6386524
6386964
6386965
6387031
6388150
6388189
6389396
6389835
6389839
6389898
6390063
6390764
6391380
6392252
6392255
6392317
6395335
6395653
6395669
6395865
6395866
6395867
6395978
6396296
6397223
6397607
6397999
6398294
6398381
6398385
6398386
6398583
6398592
6399207
6399559
6399660
6400075
6400080
6400081
6401038
6401409
6401414
6401669
6402164
6402171
6402173
6402174
6402553
6402554
6402884
6402978
6403004
6403523
6404309
6404382
6405452
6405624
6405800
6405802
6406481
6406570
6407072
6407588
6408042
6408048
6408049
6408054
6408056
6408631
6408743
6409098
6409891
6410438
6410440
6410441
6411342
6412151
6412431
6412434
6412453
6414075
6414109
6414112
6414257
6414631
6414657
6414929
6415231
6415411
6415414
6415969
6415970
6416076
6416077
6416078
6416959
6416960
6417067
6417226
6417250
6417254
6418625
6418858
6419988
6420286
6420287
6420375
6420645
6420646
6421011
6421406
6421460
6421466
6422300
6422375
6422767
6423457
6423635
6426014
6426907
6427649
6428141
6428143
6428396
6429721
6429955
6430019
6430076
6430602
6430975
6432413
6433242
6433403
6433404
6433489
6434714
6435500
6435509
6435951
6436399
6436401
6436457
6436458
6437654
6437710
6438341
6438537
6438538
6438569
6438570
6438572
6438951
6439051
6439111
6439663
6440806
6440905
6441832
6442938
6443096
6445857
6447500
6447955
6449002
6449148
6449400
6449515
6449648
6450074
6450718
6450941
6450942
6451484
6452097
6452711
6452892
6453288
6453369
6453500
6453829
6453880
6454624
6454643
6454645
6454957
6455103
6455107
6455757
6457542
6457547
6457682
6458201
6458425
6458710
6458714
6458781
6458787
6459578
6460541
6461538
6463290
6463335
6463892
6464075
6464079
6464291
6464294
6464932
6465152
6466253
6466255
6466256
6466257
6466336
6466516
6467337
6467772
6467777
6468445
6469182
6469232
6469625
6469744
6471074
6471075
6471223
6471268
6471270
6471900
6472307
6472778
6474001
6474235
6474547
6474668
6474728
6474730
6475052
6475240
6475264
6475333
6476057
6476218
6476345
6476448
6477052
6477673
6477836
6478434
6478969
6479256
6480724
6480914
6480919
6481217
6481967
6482265
6482305
6482378
6482683
6482750
6483202
6484182
6484458
6485353
6486461
6487533
6489318
6489468
6490126
6490317
6490517
6490853
6492292
6493078
6493087
6493088
6493820
6493916
6494367
6494609
6495030
6495336
6495570
6496390
6496391
6496395
6497094
6497256
6497530
6498315
6499110
6499440
6500685
6501114
6501515
6501718
6501898
6502033
6502555
6503240
6503286
6503630
6505048
6505231
6505287
6505291
6505736
6506233
6506409
6506411
6507498
6507644
6507942
6509165
6509567
6510553
6511444
6511445
6512081
6512641
6513064
6513144
6513436
6513477
6513488
6513495
6513497
6515003
6515624
6515626
6515819
6515820
6515850
6516245
6517629
6519044
6519236
6519720
6521509
6521985
6522040
6522041
6522136
6522266
6522545
6522548
6523662
6525032
6525556
6525564
6526129
6526942
6526943
6526944
6527690
6527722
6528526
6528624
6528839
6528916
6529863
6529864
6529865
6530763
6530934
6531153
6531245
6531264
6531413
6532652
6532653
6532951
6532978
6533012
6533248
6533309
6533853
6533919
6533971
6533986
6534376
6534377
6534952
6535205
6536132
6536296
6538916
6539068
6539492
6539534
6541952
6542674
6543416
6546697
6546975
6547647
6548036
6549760
6549915
6552301
6552986
6553430
6554019
6554837
6554838
6554942
6556291
6556551
6556572
6557934
6558668
6559583
6560046
6560203
6562588
