task_id	task_prop	slot	role	demo_id	demo_prop	demo_question	demo_answer
529572	author	1	base	2085500	composer	Who was the composer of Fire?	Jimi Hendrix
529572	author	2	base	4921831	religion	What is the religion of Regis University?	Catholic Church
529572	author	3	base	2269961	producer	Who was the producer of Aag?	Raj Kapoor
529572	author	4	base	1026190	capital	What is the capital of Yalutorovsky District?	Yalutorovsk
529572	author	5	demonstration	3483883	color	What color is Fleetwood Town F.C.?	red
529572	author	6	demonstration	3930846	occupation	What is Domingo Eyzaguirre's occupation?	politician
529572	author	7	demonstration	6118835	country	In what country is Vrap?	Albania
529572	author	8	demonstration	2733860	mother	Who is the mother of Theobald II of Champagne?	Adela of Normandy
1155998	author	1	base	3677955	screenwriter	Who was the screenwriter for Champion?	Kwak Kyung-taek
1155998	author	2	base	564506	place of birth	In what city was Robert Crannell Minor born?	New York City
1155998	author	3	base	1054383	sport	What sport does Michal Vacek play?	bobsleigh
1155998	author	4	base	2697463	color	What color is White House?	white
1155998	author	5	demonstration	4466717	capital	What is the capital of arrondissement of Lannion?	Lannion
1155998	author	6	demonstration	4186441	composer	Who was the composer of Gang?	Anu Malik
1155998	author	7	demonstration	5431559	occupation	What is Peter Murnoy's occupation?	politician
1155998	author	8	demonstration	3955608	genre	What genre is Driven?	racing video game
2959328	author	1	base	4969685	place of birth	In what city was Lindsay Pagano born?	Philadelphia
2959328	author	2	base	1382342	mother	Who is the mother of Patrick Villiers Farrow?	Maureen O'Sullivan
2959328	author	3	base	2155602	genre	What genre is Josephine Foster?	traditional music
2959328	author	4	base	4506049	director	Who was the director of Che?	Ebrahim Hatamikia
2959328	author	5	demonstration	5776797	country	In what country is Atelierhaus Salzamt?	Austria
2959328	author	6	demonstration	6384726	occupation	What is Henry Tizard's occupation?	chemist
2959328	author	7	demonstration	3033691	color	What color is ruby?	red
2959328	author	8	demonstration	173697	composer	Who was the composer of Into the Woods?	Stephen Sondheim
3198744	author	1	base	6411342	country	In what country is Stari Ras?	Serbia
3198744	author	2	base	1033939	genre	What genre is Water?	comedy film
3198744	author	3	base	2974966	place of birth	In what city was Raimonds Vilde born?	Riga
3198744	author	4	base	1944925	capital	What is the capital of Curaçao?	Willemstad
3198744	author	5	demonstration	2138099	producer	Who was the producer of Vinci?	Juliusz Machulski
3198744	author	6	demonstration	1430436	sport	What sport does Gianluca Comotto play?	association football
3198744	author	7	demonstration	83701	director	Who was the director of Devotion?	Curtis Bernhardt
3198744	author	8	demonstration	6340616	color	What color is Atlético de Madrid?	red
3295029	author	1	base	6172783	religion	What is the religion of Alexander I?	Catholic Church
3295029	author	2	base	5839630	genre	What genre is Strength?	hardcore punk
3295029	author	3	base	5663510	composer	Who was the composer of Saagara Sangamam?	Ilaiyaraaja
3295029	author	4	base	4094161	sport	What sport does Farshad Falahatzadeh play?	association football
3295029	author	5	demonstration	284887	screenwriter	Who was the screenwriter for Seconds?	Lewis John Carlino
3295029	author	6	demonstration	5052828	occupation	What is Maev-Ann Wren's occupation?	journalist
3295029	author	7	demonstration	6265961	country	In what country is La Couarde-sur-Mer?	France
3295029	author	8	demonstration	244122	director	Who was the director of The Changeling?	Peter Medak
5464384	author	1	base	5632867	genre	What genre is Roper?	pop punk
5464384	author	2	base	3620934	capital	What is the capital of McDowell County?	Welch
5464384	author	3	base	2371964	mother	Who is the mother of Prince Paul of Yugoslavia?	Aurora Pavlovna Demidova
5464384	author	4	base	1416925	color	What color is Manchester United F.C.?	red
5464384	author	5	demonstration	4577817	father	Who is the father of Isaac Bowman?	George Bowman
5464384	author	6	demonstration	301114	sport	What sport does Angela Maxwell play?	figure skating
5464384	author	7	demonstration	4011407	occupation	What is Eleanor Yule's occupation?	film director
5464384	author	8	demonstration	2043043	place of birth	In what city was Ge You born?	Beijing
5812793	author	1	base	2350255	screenwriter	Who was the screenwriter for The Report?	Abbas Kiarostami
5812793	author	2	base	4666767	place of birth	In what city was Joanna Elisabeth of Holstein-Gottorp born?	Gottorf Castle
5812793	author	3	base	4409386	mother	Who is the mother of Queen Marie of Romania?	Grand Duchess Maria Alexandrovna of Russia
5812793	author	4	base	1164239	father	Who is the father of T. E. Lawrence?	Sir Thomas Chapman, 7th Baronet
5812793	author	5	demonstration	3486328	color	What color is York City F.C.?	red
5812793	author	6	demonstration	2361787	genre	What genre is Atlanta Symphony Orchestra?	Western classical music
5812793	author	7	demonstration	3784290	sport	What sport does Cooper T65 play?	auto racing
5812793	author	8	demonstration	2106017	religion	What is the religion of Wahshi ibn Harb?	Islam
1173999	author	1	base	3641770	father	Who is the father of Carl Grimes?	Rick Grimes
1173999	author	2	base	1887458	screenwriter	Who was the screenwriter for Work?	Charlie Chaplin
1173999	author	3	base	4888554	composer	Who was the composer of The Commitments?	Wilson Pickett
1173999	author	4	base	1507294	color	What color is Charlton Athletic F.C.?	red
1173999	author	5	demonstration	2861972	occupation	What is Petrus Camper's occupation?	physician
1173999	author	6	demonstration	583085	producer	Who was the producer of Three Coins in the Fountain?	Rossano Brazzi
1173999	author	7	demonstration	1246668	country	In what country is Villalcampo?	Spain
1173999	author	8	demonstration	1951573	genre	What genre is Loaded?	hard rock
1359147	author	1	base	6316142	country	In what country is Tokyo International Cruise Terminal Station?	Japan
1359147	author	2	base	3191297	composer	Who was the composer of Die Fledermaus?	Johann Strauss II
1359147	author	3	base	5119986	place of birth	In what city was Matthew J. Ryan born?	Philadelphia
1359147	author	4	base	4522741	screenwriter	Who was the screenwriter for In the Cut?	Jane Campion
1359147	author	5	demonstration	3483611	color	What color is Exeter City F.C.?	red
1359147	author	6	demonstration	5756001	producer	Who was the producer of Police?	Catherine Breillat
1359147	author	7	demonstration	2655279	mother	Who is the mother of Maud of Normandy?	Gunnora
1359147	author	8	demonstration	1823748	sport	What sport does ball play?	rhythmic gymnastics
4351002	author	1	base	4118578	mother	Who is the mother of Florence Reed?	Isadore Rush
4351002	author	2	base	1378543	color	What color is chalk?	white
4351002	author	3	base	3465531	sport	What sport does Bedworth United F.C. play?	association football
4351002	author	4	base	5003861	religion	What is the religion of Paschal Triduum?	Christianity
4351002	author	5	demonstration	2648096	director	Who was the director of Sun?	Alessandro Blasetti
4351002	author	6	demonstration	406050	place of birth	In what city was Maurice Reymond de Broutelles born?	Geneva
4351002	author	7	demonstration	282938	capital	What is the capital of Schleswig-Holstein?	Kiel
4351002	author	8	demonstration	1808767	composer	Who was the composer of You Shook Me All Night Long?	Angus Young
5459792	author	1	base	535092	sport	What sport does Simon Tahamata play?	association football
5459792	author	2	base	2647545	director	Who was the director of The Immunity Syndrome?	Joseph Pevney
5459792	author	3	base	1527070	color	What color is Coventry City F.C.?	sky blue
5459792	author	4	base	2112028	producer	Who was the producer of Recovery?	Dr. Dre
5459792	author	5	demonstration	6467337	religion	What is the religion of Queen Victoria?	Anglicanism
5459792	author	6	demonstration	6175762	occupation	What is William Australia Graham's occupation?	farmer
5459792	author	7	demonstration	4115134	genre	What genre is Flare?	J-pop
5459792	author	8	demonstration	1292513	country	In what country is Mato Castelhano?	Brazil
5854222	author	1	base	1782552	capital	What is the capital of Georgia?	Kutaisi
5854222	author	2	base	3299617	mother	Who is the mother of Allison Hirschlag?	Julia Barr
5854222	author	3	base	4779546	color	What color is FC Internazionale Milano?	black
5854222	author	4	base	6395978	father	Who is the father of Moses?	Amram
5854222	author	5	demonstration	5804885	religion	What is the religion of St. Albert's Church, Riga?	Catholic Church
5854222	author	6	demonstration	1989375	occupation	What is Edwin N. Hubbell's occupation?	politician
5854222	author	7	demonstration	1793668	composer	Who was the composer of Emergency?	Hayley Williams
5854222	author	8	demonstration	4618979	sport	What sport does James Coutts play?	association football
5883441	author	1	base	1919215	director	Who was the director of Avatar?	James Cameron
5883441	author	2	base	606374	genre	What genre is Crush?	thriller
5883441	author	3	base	3025707	screenwriter	Who was the screenwriter for The Devil's Eye?	Ingmar Bergman
5883441	author	4	base	4249065	father	Who is the father of Gladys Eleanor Guggenheim?	Daniel Guggenheim
5883441	author	5	demonstration	3150882	place of birth	In what city was Antigoni Goni born?	Athens
5883441	author	6	demonstration	1789286	capital	What is the capital of Lincolnshire?	Lincoln
5883441	author	7	demonstration	6471268	producer	Who was the producer of El Cid?	Samuel Bronston
5883441	author	8	demonstration	1872067	occupation	What is Thomas Hinds's occupation?	politician
5964543	author	1	base	4350422	father	Who is the father of Ours?	Alain Souchon
5964543	author	2	base	1507294	color	What color is Charlton Athletic F.C.?	red
5964543	author	3	base	936266	place of birth	In what city was Keri Lees born?	Stone
5964543	author	4	base	2049387	producer	Who was the producer of John Heriot's Wife?	Maurits Binger
5964543	author	5	demonstration	3120232	composer	Who was the composer of Old Shatterhand?	Riz Ortolani
5964543	author	6	demonstration	4645092	sport	What sport does HSV Hamburg play?	handball
5964543	author	7	demonstration	4111475	director	Who was the director of First Person?	Errol Morris
5964543	author	8	demonstration	4033957	occupation	What is Emmanuel Nnamdi Uba's occupation?	politician
194450	author	1	base	4244740	sport	What sport does Gimnasia y Esgrima de Santa Fe play?	association football
194450	author	2	base	29985	composer	Who was the composer of I Can't Give You Anything but Love, Baby?	Jimmy McHugh
194450	author	3	base	2479209	producer	Who was the producer of Criminal?	Steven Soderbergh
194450	author	4	base	3034815	religion	What is the religion of saint?	Christianity
194450	author	5	demonstration	2251381	occupation	What is Claire Adams's occupation?	actor
194450	author	6	demonstration	1527070	color	What color is Coventry City F.C.?	sky blue
194450	author	7	demonstration	2672700	genre	What genre is The Crimson Kimono?	film noir
194450	author	8	demonstration	6428143	director	Who was the director of Emma?	Clarence Brown
198683	author	1	base	5931840	screenwriter	Who was the screenwriter for The Hide?	Tim Whitnall
198683	author	2	base	1283560	mother	Who is the mother of Asher?	Zilpah
198683	author	3	base	4293068	country	In what country is 1999 Guatemalan general election?	Guatemala
198683	author	4	base	6032643	religion	What is the religion of Trevor Mwamba?	Anglicanism
198683	author	5	demonstration	5851539	composer	Who was the composer of Sunny?	Rahul Dev Burman
198683	author	6	demonstration	6315935	place of birth	In what city was Endre Bálint born?	Budapest
198683	author	7	demonstration	830263	color	What color is flag of Zimbabwe?	red
198683	author	8	demonstration	4161947	occupation	What is Frederick Dundas's occupation?	politician
401526	author	1	base	5917941	screenwriter	Who was the screenwriter for The Collection?	Matt Hubbard
401526	author	2	base	2013686	place of birth	In what city was William Collins born?	London
401526	author	3	base	4783472	composer	Who was the composer of Just So?	George Stiles
401526	author	4	base	5412943	sport	What sport does Peggy Lokando play?	association football
401526	author	5	demonstration	277549	genre	What genre is Beck?	alternative rock
401526	author	6	demonstration	4188042	religion	What is the religion of Rino Fisichella?	Catholic Church
401526	author	7	demonstration	4487088	occupation	What is John Jay's occupation?	diplomat
401526	author	8	demonstration	1528049	color	What color is Doncaster Rovers F.C.?	red
431220	author	1	base	3697230	mother	Who is the mother of Charles Washington?	Mary Ball Washington
431220	author	2	base	2294459	place of birth	In what city was Donnchad mac Briain born?	Ireland
431220	author	3	base	2143353	director	Who was the director of The Shipment?	David Straiton
431220	author	4	base	5445089	sport	What sport does Mateo Pavlović play?	association football
431220	author	5	demonstration	3793223	country	In what country is Course of the Klamath River?	United States of America
431220	author	6	demonstration	3465542	occupation	What is Bedřich Feigl's occupation?	graphic designer
431220	author	7	demonstration	5453585	screenwriter	Who was the screenwriter for Pilot?	Becky Mode
431220	author	8	demonstration	1877778	composer	Who was the composer of Symphony No. 3?	Krzysztof Penderecki
1442210	author	1	base	6250781	occupation	What is Þorsteinn Bachmann's occupation?	actor
1442210	author	2	base	4558401	sport	What sport does Indonesia Education League play?	association football
1442210	author	3	base	4630284	genre	What genre is Yellow?	J-pop
1442210	author	4	base	6553430	composer	Who was the composer of Emotions?	Mariah Carey
1442210	author	5	demonstration	774880	country	In what country is 2010 European Track Championships?	Poland
1442210	author	6	demonstration	6405802	producer	Who was the producer of Stand Up?	Ian Anderson
1442210	author	7	demonstration	5928364	director	Who was the director of The Gift?	Kim Manners
1442210	author	8	demonstration	6049645	capital	What is the capital of Dominican Republic?	Santo Domingo
2477193	author	1	base	1753408	sport	What sport does Warrenpoint Town F.C. play?	association football
2477193	author	2	base	3524516	color	What color is flag of Colorado?	red
2477193	author	3	base	450950	director	Who was the director of The Scarf?	Ewald André Dupont
2477193	author	4	base	6441832	screenwriter	Who was the screenwriter for Pilot?	Miles Millar
2477193	author	5	demonstration	6338539	composer	Who was the composer of Leverage?	Joseph LoDuca
2477193	author	6	demonstration	2106017	religion	What is the religion of Wahshi ibn Harb?	Islam
2477193	author	7	demonstration	3406780	mother	Who is the mother of August Coppola?	Italia Coppola
2477193	author	8	demonstration	4244332	occupation	What is Gillian Raine's occupation?	actor
3592909	author	1	base	355719	capital	What is the capital of Colorado?	Denver
3592909	author	2	base	2928505	genre	What genre is Steal This Record?	punk rock
3592909	author	3	base	2540451	sport	What sport does Niklas Stark play?	association football
3592909	author	4	base	144305	screenwriter	Who was the screenwriter for The Secret of the Telegian?	Shinichi Sekizawa
3592909	author	5	demonstration	3994636	occupation	What is Edward Corser's occupation?	politician
3592909	author	6	demonstration	1364500	father	Who is the father of Randolph Churchill?	Winston Churchill
3592909	author	7	demonstration	6082176	country	In what country is Upper Midwest forest-savanna transition?	United States of America
3592909	author	8	demonstration	6503630	mother	Who is the mother of Eadburh?	Cynethryth
103951	capital	1	base	1777529	father	Who is the father of Onela?	Ongentheow
103951	capital	2	base	5340781	screenwriter	Who was the screenwriter for On the Avenue?	Irving Berlin
103951	capital	3	base	4581450	composer	Who was the composer of Thinking of You?	Katy Perry
103951	capital	4	base	5088311	religion	What is the religion of Marjorie Cameron?	Thelema
103951	capital	5	demonstration	4934000	author	Who is the author of Leaving Home?	David French
103951	capital	6	demonstration	3803810	director	Who was the director of Crossover?	John Guillermin
103951	capital	7	demonstration	179126	mother	Who is the mother of David Rockefeller?	Abigail Greene Aldrich
103951	capital	8	demonstration	1034128	sport	What sport does Inter Moengotapoe play?	association football
1202448	capital	1	base	3241907	author	Who is the author of Ahead of Time?	Henry Kuttner
1202448	capital	2	base	1346062	director	Who was the director of Rosa?	Joe Cheung
1202448	capital	3	base	2293260	country	In what country is Gornji Davidovići?	Bosnia and Herzegovina
1202448	capital	4	base	469340	composer	Who was the composer of Fame?	Michael Gore
1202448	capital	5	demonstration	658003	occupation	What is Frances Josephy's occupation?	journalist
1202448	capital	6	demonstration	2762597	place of birth	In what city was Charlie Davis born?	New York City
1202448	capital	7	demonstration	3226272	genre	What genre is Addicted to Beauty?	reality television
1202448	capital	8	demonstration	5694087	sport	What sport does Kateřina Nash play?	cross-country skiing
1473215	capital	1	base	1507294	color	What color is Charlton Athletic F.C.?	red
1473215	capital	2	base	3175769	sport	What sport does 2012 Georgetown Hoyas men's soccer team play?	association football
1473215	capital	3	base	3124382	mother	Who is the mother of Prince Louis, Duke of Nemours?	Maria Amalia of Naples and Sicily
1473215	capital	4	base	15917	place of birth	In what city was Emil Marschalk von Ostheim born?	Bamberg
1473215	capital	5	demonstration	4265255	occupation	What is Henk Bleker's occupation?	politician
1473215	capital	6	demonstration	2849410	author	Who is the author of Justice?	Alex Ross
1473215	capital	7	demonstration	4775565	country	In what country is Tire?	Turkey
1473215	capital	8	demonstration	4863590	father	Who is the father of Rhodos?	Poseidon
3493816	capital	1	base	2970166	composer	Who was the composer of Airport?	Alfred Newman
3493816	capital	2	base	4086373	producer	Who was the producer of Face to Face?	Michael Rymer
3493816	capital	3	base	5516024	screenwriter	Who was the screenwriter for Regeneration?	Raoul Walsh
3493816	capital	4	base	736578	color	What color is A.C. Milan?	red
3493816	capital	5	demonstration	4817052	occupation	What is Karol Życzkowski's occupation?	physicist
3493816	capital	6	demonstration	5631334	father	Who is the father of Ronan Farrow?	Woody Allen
3493816	capital	7	demonstration	398096	religion	What is the religion of William III of England?	Protestantism
3493816	capital	8	demonstration	4058671	director	Who was the director of Thank You?	Anees Bazmee
3656245	capital	1	base	6208032	genre	What genre is Wives?	hardcore punk
3656245	capital	2	base	1401999	father	Who is the father of Arjuna?	Indra
3656245	capital	3	base	5453517	director	Who was the director of Pilot?	Mark Piznarski
3656245	capital	4	base	5909447	author	Who is the author of The Aware?	Glenda Larke
3656245	capital	5	demonstration	5013870	screenwriter	Who was the screenwriter for Loop?	Tim Pears
3656245	capital	6	demonstration	3483611	color	What color is Exeter City F.C.?	red
3656245	capital	7	demonstration	1545214	place of birth	In what city was Nathaniel Boyden born?	Conway
3656245	capital	8	demonstration	610662	occupation	What is Fritz Goos's occupation?	astronomer
4077985	capital	1	base	2049787	father	Who is the father of Margaret of England?	Edward I of England
4077985	capital	2	base	1701577	occupation	What is Joseph Weydemeyer's occupation?	journalist
4077985	capital	3	base	887771	sport	What sport does Germany national handball team play?	handball
4077985	capital	4	base	6427649	producer	Who was the producer of The Detective?	Aaron Rosenberg
4077985	capital	5	demonstration	5325516	composer	Who was the composer of Ode?	Igor Stravinsky
4077985	capital	6	demonstration	3555956	mother	Who is the mother of Signe Hebbe?	Wendela Hebbe
4077985	capital	7	demonstration	179164	screenwriter	Who was the screenwriter for Prime?	Ben Younger
4077985	capital	8	demonstration	2904733	religion	What is the religion of Kenneth Steiner?	Catholic Church
5878158	capital	1	base	4521313	country	In what country is Hyderabad House?	India
5878158	capital	2	base	5144579	author	Who is the author of Merry Tales?	Mark Twain
5878158	capital	3	base	2876696	sport	What sport does Matteo Pivotto play?	association football
5878158	capital	4	base	174643	screenwriter	Who was the screenwriter for No Show?	David Chase
5878158	capital	5	demonstration	2136892	father	Who is the father of Abel of Denmark?	Valdemar II of Denmark
5878158	capital	6	demonstration	1599275	director	Who was the director of Organ?	Kei Fujiwara
5878158	capital	7	demonstration	2803525	genre	What genre is The Bad One?	musical film
5878158	capital	8	demonstration	700197	mother	Who is the mother of Wenceslaus IV of Bohemia?	Anna von Schweidnitz
1165631	capital	1	base	5425555	sport	What sport does Peter Bircumshaw play?	association football
1165631	capital	2	base	2656239	producer	Who was the producer of Blue?	The Birthday Massacre
1165631	capital	3	base	3556718	father	Who is the father of Brad Armstrong?	Bob Armstrong
1165631	capital	4	base	1067525	director	Who was the director of Chicken Party?	Tate Taylor
1165631	capital	5	demonstration	6340616	color	What color is Atlético de Madrid?	red
1165631	capital	6	demonstration	5498983	religion	What is the religion of Chad Varah?	Anglicanism
1165631	capital	7	demonstration	2886007	genre	What genre is Need to Believe?	hard rock
1165631	capital	8	demonstration	6560203	country	In what country is Criuleni?	Moldova
1936197	capital	1	base	3694493	occupation	What is Andrew Ure's occupation?	chemist
1936197	capital	2	base	1857343	director	Who was the director of The Conscience of the King?	Gerd Oswald
1936197	capital	3	base	1416925	color	What color is Manchester United F.C.?	red
1936197	capital	4	base	500365	genre	What genre is Kirby 64: The Crystal Shards?	platform game
1936197	capital	5	demonstration	3099396	religion	What is the religion of Francisco Pizarro?	Catholic Church
1936197	capital	6	demonstration	5944034	producer	Who was the producer of The Nest?	Julie Corman
1936197	capital	7	demonstration	1465830	composer	Who was the composer of Time Machine?	Michael Daugherty
1936197	capital	8	demonstration	1652607	screenwriter	Who was the screenwriter for Insheeption?	Trey Parker
2166241	capital	1	base	635651	mother	Who is the mother of Mary in Islam?	Saint Anne
2166241	capital	2	base	3937456	place of birth	In what city was Donald De Lue born?	Boston
2166241	capital	3	base	6497530	religion	What is the religion of Catholic Church?	Catholicism
2166241	capital	4	base	3391317	genre	What genre is Mario franchise?	role-playing video game
2166241	capital	5	demonstration	1363063	composer	Who was the composer of The Circle?	Benny Andersson
2166241	capital	6	demonstration	781888	sport	What sport does Mehmet Gürkan Öztürk play?	association football
2166241	capital	7	demonstration	1022847	father	Who is the father of Iamus?	Apollo
2166241	capital	8	demonstration	5696015	country	In what country is Sarnowo, Chełmno County?	Poland
2941131	capital	1	base	5550049	producer	Who was the producer of Red?	Leslie Cheung
2941131	capital	2	base	5916975	genre	What genre is The City?	soap opera
2941131	capital	3	base	5199811	father	Who is the father of Mohammed Omar Abdel-Rahman?	Omar Abdel-Rahman
2941131	capital	4	base	465467	occupation	What is Robert Florey's occupation?	screenwriter
2941131	capital	5	demonstration	488461	composer	Who was the composer of The Ref?	David A. Stewart
2941131	capital	6	demonstration	1056937	author	Who is the author of Yes?	Thomas Bernhard
2941131	capital	7	demonstration	2746781	place of birth	In what city was Beniamino Di Giacomo born?	Porto Recanati
2941131	capital	8	demonstration	5453587	screenwriter	Who was the screenwriter for Pilot?	Kevin Williamson
3444224	capital	1	base	3205782	producer	Who was the producer of Flesh?	John Ford
3444224	capital	2	base	4010675	father	Who is the father of Grand Duke Nicholas Mikhailovich of Russia?	Grand Duke Michael Nikolaevich of Russia
3444224	capital	3	base	1993825	screenwriter	Who was the screenwriter for Ballad?	Brad Falchuk
3444224	capital	4	base	3465292	genre	What genre is Kiss?	pop music
3444224	capital	5	demonstration	880910	place of birth	In what city was Giuseppe Castelli born?	Milan
3444224	capital	6	demonstration	5851902	author	Who is the author of Sunset?	Erin Hunter
3444224	capital	7	demonstration	570115	composer	Who was the composer of The Other Woman?	Aaron Zigman
3444224	capital	8	demonstration	5902932	religion	What is the religion of Texas College?	Christian Methodist Episcopal Church
4740507	capital	1	base	2086989	father	Who is the father of Talia Balsam?	Martin Balsam
4740507	capital	2	base	4102417	genre	What genre is Main Course?	disco
4740507	capital	3	base	4763253	sport	What sport does Josh Vanlandingham play?	basketball
4740507	capital	4	base	4856521	producer	Who was the producer of A Separation?	Asghar Farhadi
4740507	capital	5	demonstration	657320	director	Who was the director of Plastic?	Julian Gilbey
4740507	capital	6	demonstration	1913397	country	In what country is Maryland Route 214?	United States of America
4740507	capital	7	demonstration	2697463	color	What color is White House?	white
4740507	capital	8	demonstration	6167099	author	Who is the author of Why I Write?	George Orwell
5302153	capital	1	base	1003583	mother	Who is the mother of Helen of Troy?	Leda
5302153	capital	2	base	3753833	country	In what country is Cleveland City Council?	United States of America
5302153	capital	3	base	2065688	place of birth	In what city was Batman born?	Gotham City
5302153	capital	4	base	6074796	director	Who was the director of Her?	Spike Jonze
5302153	capital	5	demonstration	5522876	sport	What sport does Radoslav Školník play?	association football
5302153	capital	6	demonstration	307720	screenwriter	Who was the screenwriter for Our Relations?	Stan Laurel
5302153	capital	7	demonstration	3483611	color	What color is Exeter City F.C.?	red
5302153	capital	8	demonstration	3286642	religion	What is the religion of Alfred Reid?	Anglicanism
13998	capital	1	base	1607904	religion	What is the religion of Angelo Thomas Acerra?	Catholic Church
13998	capital	2	base	3483883	color	What color is Fleetwood Town F.C.?	red
13998	capital	3	base	2657379	occupation	What is Stevie Cameron's occupation?	journalist
13998	capital	4	base	1447653	sport	What sport does Szymon Szewczyk play?	basketball
13998	capital	5	demonstration	1162082	director	Who was the director of Election?	Om Prakash Rao
13998	capital	6	demonstration	1582387	place of birth	In what city was Moses the Black born?	Egypt
13998	capital	7	demonstration	1136863	composer	Who was the composer of I Love You?	Trevor Horn
13998	capital	8	demonstration	5871735	father	Who is the father of Bernhard Schlink?	Edmund Schlink
552289	capital	1	base	1146794	author	Who is the author of Night?	William Blake
552289	capital	2	base	857874	father	Who is the father of Rama?	Dasharatha
552289	capital	3	base	3901091	occupation	What is Derek Wheatley's occupation?	novelist
552289	capital	4	base	4626488	place of birth	In what city was James M. Bingham born?	Perry
552289	capital	5	demonstration	4857665	screenwriter	Who was the screenwriter for The Spirit?	Will Eisner
552289	capital	6	demonstration	3782968	mother	Who is the mother of Jesus in Islam?	Mary in Islam
552289	capital	7	demonstration	2872979	composer	Who was the composer of Maria?	Leonard Bernstein
552289	capital	8	demonstration	2448372	director	Who was the director of The Creator?	Albert Dupontel
1259497	capital	1	base	2475000	screenwriter	Who was the screenwriter for Mud?	Jeff Nichols
1259497	capital	2	base	5918653	genre	What genre is The Congress?	documentary film
1259497	capital	3	base	6041173	place of birth	In what city was Tsugumi Higasayama born?	Saitama Prefecture
1259497	capital	4	base	3483883	color	What color is Fleetwood Town F.C.?	red
1259497	capital	5	demonstration	495897	composer	Who was the composer of Oklahoma!?	Richard Rodgers
1259497	capital	6	demonstration	2049787	father	Who is the father of Margaret of England?	Edward I of England
1259497	capital	7	demonstration	757473	producer	Who was the producer of Music?	William Orbit
1259497	capital	8	demonstration	3592879	country	In what country is Buford High School?	United States of America
6263500	capital	1	base	4007034	occupation	What is Ek Yi Oun's occupation?	politician
6263500	capital	2	base	6245761	author	Who is the author of Zones?	Damien Broderick
6263500	capital	3	base	1528049	color	What color is Doncaster Rovers F.C.?	red
6263500	capital	4	base	3945648	sport	What sport does Rick Ley play?	ice hockey
6263500	capital	5	demonstration	2780416	composer	Who was the composer of Delta?	Rob Hubbard
6263500	capital	6	demonstration	6039115	director	Who was the director of Trust?	Phillip Noyce
6263500	capital	7	demonstration	3150882	place of birth	In what city was Antigoni Goni born?	Athens
6263500	capital	8	demonstration	747312	religion	What is the religion of Abu-l-Hasan Ali ibn Ruburtayr?	Islam
6330613	capital	1	base	3000554	director	Who was the director of Gold?	Otto Brower
6330613	capital	2	base	701197	country	In what country is Francheville Aerodrome?	France
6330613	capital	3	base	3980530	producer	Who was the producer of The Room?	Greg Sestero
6330613	capital	4	base	2116285	occupation	What is Javad Maroufi's occupation?	composer
6330613	capital	5	demonstration	1848515	sport	What sport does Larissa Volpert play?	chess
6330613	capital	6	demonstration	719032	composer	Who was the composer of Let It Go?	Robert Lopez
6330613	capital	7	demonstration	3866149	place of birth	In what city was David Holmes Black born?	Vancouver
6330613	capital	8	demonstration	5521585	mother	Who is the mother of Emperor He of Han?	Consort Liang
6418167	capital	1	base	5845627	author	Who is the author of Success?	Jonathan Cape
6418167	capital	2	base	5165475	sport	What sport does Dimitri Pätzold play?	ice hockey
6418167	capital	3	base	736578	color	What color is A.C. Milan?	red
6418167	capital	4	base	2694011	screenwriter	Who was the screenwriter for Amal?	Richie Mehta
6418167	capital	5	demonstration	6515003	place of birth	In what city was János Ferencsik born?	Budapest
6418167	capital	6	demonstration	1614690	director	Who was the director of Charlotte?	Frans Weisz
6418167	capital	7	demonstration	5348468	country	In what country is Orefield?	United States of America
6418167	capital	8	demonstration	2299716	genre	What genre is Fablehaven?	fantasy literature
6432170	capital	1	base	857875	mother	Who is the mother of Rama?	Kausalya
6432170	capital	2	base	1332334	country	In what country is Babino, Haiti?	Haiti
6432170	capital	3	base	3147463	producer	Who was the producer of 1977?	R. Sarathkumar
6432170	capital	4	base	3198680	genre	What genre is A Moment in Time?	romance film
6432170	capital	5	demonstration	2799283	director	Who was the director of Experience?	George Fitzmaurice
6432170	capital	6	demonstration	5801880	sport	What sport does Sprawl play?	martial arts
6432170	capital	7	demonstration	1527070	color	What color is Coventry City F.C.?	sky blue
6432170	capital	8	demonstration	3559584	father	Who is the father of Andreyas?	Yeshaq I
1107870	color	1	base	4286548	place of birth	In what city was Gregorio Selser born?	Buenos Aires
1107870	color	2	base	2706628	composer	Who was the composer of All Around the World?	Justin Bieber
1107870	color	3	base	1416375	father	Who is the father of George S. Patton?	George S. Patton
1107870	color	4	base	3058587	religion	What is the religion of Matthew the Apostle?	Christianity
1107870	color	5	demonstration	1630173	producer	Who was the producer of Hugo?	Johnny Depp
1107870	color	6	demonstration	3680895	genre	What genre is Chaotic?	novella
1107870	color	7	demonstration	489568	screenwriter	Who was the screenwriter for Erotikon?	Mauritz Stiller
1107870	color	8	demonstration	3227256	occupation	What is Adele Capell, Countess of Essex's occupation?	socialite
1397284	color	1	base	6297092	mother	Who is the mother of Alexander the Great?	Olympias
1397284	color	2	base	3414338	country	In what country is Avery?	United States of America
1397284	color	3	base	1176799	composer	Who was the composer of Something There?	Alan Menken
1397284	color	4	base	1033176	capital	What is the capital of Northern Mariana Islands?	Saipan
1397284	color	5	demonstration	3659160	author	Who is the author of Cathy's Key?	Sean Stewart
1397284	color	6	demonstration	6325542	director	Who was the director of The East is Red?	Ching Siu-tung
1397284	color	7	demonstration	4991022	genre	What genre is Falcon Crest?	soap opera
1397284	color	8	demonstration	3482443	sport	What sport does Cheltenham Town F.C. play?	association football
2965151	color	1	base	4166304	country	In what country is Freedom?	United States of America
2965151	color	2	base	111819	screenwriter	Who was the screenwriter for Student?	Darezhan Omirbaev
2965151	color	3	base	306660	composer	Who was the composer of The Adventures of Hercules?	Pino Donaggio
2965151	color	4	base	3031144	mother	Who is the mother of Eryx?	Aphrodite
2965151	color	5	demonstration	5835166	occupation	What is George Washington Owen's occupation?	politician
2965151	color	6	demonstration	1626459	producer	Who was the producer of Swingers?	Jon Favreau
2965151	color	7	demonstration	2483706	place of birth	In what city was Kirk O'Bee born?	Ada Township
2965151	color	8	demonstration	6349704	religion	What is the religion of magi?	Zoroastrianism
3157421	color	1	base	151132	father	Who is the father of Tiger Woods?	Earl Woods
3157421	color	2	base	1310942	author	Who is the author of The Fabulous Furry Freak Brothers?	Gilbert Shelton
3157421	color	3	base	2315457	screenwriter	Who was the screenwriter for Made for Each Other?	Joseph Bologna
3157421	color	4	base	696120	director	Who was the director of In the Bedroom?	Todd Field
3157421	color	5	demonstration	2223262	mother	Who is the mother of Eleanor of England, Countess of Bar?	Eleanor of Castile
3157421	color	6	demonstration	4205932	place of birth	In what city was Georg Baumann born?	Russian Empire
3157421	color	7	demonstration	2807789	producer	Who was the producer of Francis?	Universal Pictures
3157421	color	8	demonstration	4493412	occupation	What is Honor Harger's occupation?	curator
3346896	color	1	base	3246352	author	Who is the author of Cell?	Stephen King
3346896	color	2	base	431561	genre	What genre is UK?	progressive rock
3346896	color	3	base	4748350	sport	What sport does Jonas Villanueva play?	basketball
3346896	color	4	base	5760382	place of birth	In what city was Simon Callery born?	London
3346896	color	5	demonstration	5741933	occupation	What is Shelley Wark-Martyn's occupation?	politician
3346896	color	6	demonstration	6376093	country	In what country is Riechheimer Berg?	Germany
3346896	color	7	demonstration	2938424	father	Who is the father of Ptolemy V Epiphanes?	Ptolemy IV Philopator
3346896	color	8	demonstration	5908398	director	Who was the director of The Answer?	Walter West
3467034	color	1	base	3871368	place of birth	In what city was David Ogrin born?	Waukegan
3467034	color	2	base	4798826	producer	Who was the producer of Arizona?	Douglas Fairbanks
3467034	color	3	base	4305618	sport	What sport does Gábor Jánvári play?	association football
3467034	color	4	base	894483	capital	What is the capital of Arkansas?	Little Rock
3467034	color	5	demonstration	867482	composer	Who was the composer of 1983?	Gopi Sundar
3467034	color	6	demonstration	3516340	screenwriter	Who was the screenwriter for Birth?	Tim Minear
3467034	color	7	demonstration	4235086	genre	What genre is Straight Out of Hell?	power metal
3467034	color	8	demonstration	4092101	religion	What is the religion of Father Jean Bernard?	Catholic Church
1430723	color	1	base	5814752	occupation	What is Stanley Peiris's occupation?	composer
1430723	color	2	base	1812127	author	Who is the author of Rich Dad Poor Dad?	Robert Kiyosaki
1430723	color	3	base	3543824	screenwriter	Who was the screenwriter for The Bourne Legacy?	Robert Ludlum
1430723	color	4	base	5769222	religion	What is the religion of Loa?	Haitian Vodou
1430723	color	5	demonstration	583803	composer	Who was the composer of Two?	Satyajit Ray
1430723	color	6	demonstration	3367719	father	Who is the father of Arch?	Kris S.
1430723	color	7	demonstration	6165746	mother	Who is the mother of Ivan IV Vasilyevich?	Elena Glinskaya
1430723	color	8	demonstration	1850153	director	Who was the director of Heroes?	Jeremy Kagan
1533065	color	1	base	3188790	composer	Who was the composer of Phenomenon?	Thomas Newman
1533065	color	2	base	2289300	genre	What genre is Dirk Gently?	detective fiction
1533065	color	3	base	5423736	place of birth	In what city was Pete Donohue born?	Athens
1533065	color	4	base	5834483	director	Who was the director of Still Life?	Sohrab Shahid-Saless
1533065	color	5	demonstration	196395	religion	What is the religion of Cosmo Francesco Ruppi?	Catholic Church
1533065	color	6	demonstration	3998037	father	Who is the father of Edward Lloyd-Mostyn, 2nd Baron Mostyn?	Edward Lloyd, 1st Baron Mostyn
1533065	color	7	demonstration	2736394	mother	Who is the mother of Henry of England?	Eleanor of Castile
1533065	color	8	demonstration	1451981	occupation	What is Rich Brightman's occupation?	singer-songwriter
1646487	color	1	base	6490126	genre	What genre is Idaho?	Western film
1646487	color	2	base	2657850	place of birth	In what city was Stone born?	Paris
1646487	color	3	base	4984600	director	Who was the director of Michael?	Carl Theodor Dreyer
1646487	color	4	base	285184	producer	Who was the producer of X?	Roger Corman
1646487	color	5	demonstration	5910104	author	Who is the author of The Bat?	Avery Hopwood
1646487	color	6	demonstration	3782968	mother	Who is the mother of Jesus in Islam?	Mary in Islam
1646487	color	7	demonstration	1565801	religion	What is the religion of Nikola Eterović?	Catholic Church
1646487	color	8	demonstration	6395978	father	Who is the father of Moses?	Amram
3485272	color	1	base	6328798	producer	Who was the producer of Inland Empire?	David Lynch
3485272	color	2	base	1021937	religion	What is the religion of Saint Patrick?	Celtic Christianity
3485272	color	3	base	2264366	place of birth	In what city was Cooper Smeaton born?	Carleton Place
3485272	color	4	base	155029	genre	What genre is Clockwise?	comedy film
3485272	color	5	demonstration	2218078	composer	Who was the composer of Company?	Stephen Sondheim
3485272	color	6	demonstration	2458135	country	In what country is Lewałd Wielki?	Poland
3485272	color	7	demonstration	4494197	author	Who is the author of Kim?	Rudyard Kipling
3485272	color	8	demonstration	788196	director	Who was the director of Highway?	Imtiaz Ali
5788014	color	1	base	1035473	genre	What genre is Pressure?	reggae
5788014	color	2	base	5796224	religion	What is the religion of Southwestern Christian University?	International Pentecostal Holiness Church
5788014	color	3	base	1599107	country	In what country is King?	United States of America
5788014	color	4	base	3612117	sport	What sport does C.D. Federal play?	association football
5788014	color	5	demonstration	6194521	occupation	What is William Phillips, Sr.'s occupation?	politician
5788014	color	6	demonstration	4409386	mother	Who is the mother of Queen Marie of Romania?	Grand Duchess Maria Alexandrovna of Russia
5788014	color	7	demonstration	4080365	author	Who is the author of Experience?	Martin Amis
5788014	color	8	demonstration	3174085	father	Who is the father of George II of Brieg?	Frederick II of Legnica
6311585	color	1	base	2575410	composer	Who was the composer of The Treatment?	John Zorn
6311585	color	2	base	1835266	mother	Who is the mother of Bia?	Styx
6311585	color	3	base	2992879	occupation	What is Tatiana Doronina's occupation?	actor
6311585	color	4	base	2938102	father	Who is the father of Ptolemy XIII Theos Philopator?	Ptolemy XII Auletes
6311585	color	5	demonstration	6167434	religion	What is the religion of Louis-Joseph-Napoléon-Paul Bruchési?	Catholic Church
6311585	color	6	demonstration	1964085	producer	Who was the producer of Made?	Vince Vaughn
6311585	color	7	demonstration	1288509	director	Who was the director of The Divide?	Xavier Gens
6311585	color	8	demonstration	6429721	screenwriter	Who was the screenwriter for Lars and the Real Girl?	Nancy Oliver
564720	color	1	base	3220050	director	Who was the director of The Kingdom?	Peter Berg
564720	color	2	base	6402174	screenwriter	Who was the screenwriter for The Switch?	Allan Loeb
564720	color	3	base	3064840	sport	What sport does Steve Coppell play?	association football
564720	color	4	base	2122202	country	In what country is Ferrari?	Italy
564720	color	5	demonstration	1547299	mother	Who is the mother of Al Gore?	Pauline LaFon Gore
564720	color	6	demonstration	4174473	father	Who is the father of Dan?	Jacob
564720	color	7	demonstration	4596034	place of birth	In what city was Erick Benzi born?	Marseille
564720	color	8	demonstration	5778291	composer	Who was the composer of Smile?	Marvin Hamlisch
1425545	color	1	base	5283319	father	Who is the father of Liu Ruyi?	Emperor Gaozu of Han
1425545	color	2	base	4177164	screenwriter	Who was the screenwriter for Féminin, masculin?	Kiarash Anvari
1425545	color	3	base	1239106	composer	Who was the composer of BLUE?	Jonna Lee
1425545	color	4	base	5262087	director	Who was the director of Fitzcarraldo?	Werner Herzog
1425545	color	5	demonstration	5208519	author	Who is the author of Moo?	Jane Smiley
1425545	color	6	demonstration	1438767	producer	Who was the producer of Crash?	Don Cheadle
1425545	color	7	demonstration	1475379	capital	What is the capital of City of Melbourne?	Melbourne City Centre
1425545	color	8	demonstration	5986105	religion	What is the religion of Thomas Williams?	Christadelphians
1510040	color	1	base	281915	director	Who was the director of The Disappearance of Haruhi Suzumiya?	Yasuhiro Takemoto
1510040	color	2	base	2690917	occupation	What is Uri Nakayama's occupation?	singer-songwriter
1510040	color	3	base	2220126	religion	What is the religion of bishop?	Christianity
1510040	color	4	base	711593	sport	What sport does Moneygall GAA play?	Gaelic football
1510040	color	5	demonstration	316815	composer	Who was the composer of The Last Five Years?	Jason Robert Brown
1510040	color	6	demonstration	3579514	capital	What is the capital of Prentiss County?	Booneville
1510040	color	7	demonstration	2622782	country	In what country is Chelsea?	United States of America
1510040	color	8	demonstration	4859463	screenwriter	Who was the screenwriter for New World?	Park Hoon-jung
1522558	color	1	base	6515626	mother	Who is the mother of Elizabeth II?	Queen Elizabeth The Queen Mother
1522558	color	2	base	5281997	capital	What is the capital of arrondissement of Niort?	Niort
1522558	color	3	base	3608876	producer	Who was the producer of Butterfly?	Matt Cimber
1522558	color	4	base	4060489	composer	Who was the composer of Piano Concerto?	Tan Dun
1522558	color	5	demonstration	2443138	author	Who is the author of The Task?	William Cowper
1522558	color	6	demonstration	3588016	occupation	What is Shorty Hamilton's occupation?	actor
1522558	color	7	demonstration	3072580	religion	What is the religion of St. James the Elder, Apostle?	Catholic Church
1522558	color	8	demonstration	2100090	country	In what country is Donji Matejevac?	Serbia
6369351	color	1	base	2929435	producer	Who was the producer of Stolen?	Josh Lucas
6369351	color	2	base	2144501	author	Who is the author of Game Over?	David Sheff
6369351	color	3	base	162371	capital	What is the capital of Kievan Rus'?	Kyiv
6369351	color	4	base	4967367	sport	What sport does Margarita Louis-Dreyfus play?	association football
6369351	color	5	demonstration	5676902	place of birth	In what city was Sam Storey born?	Belfast
6369351	color	6	demonstration	1475631	country	In what country is Morales de Campos?	Spain
6369351	color	7	demonstration	6410441	screenwriter	Who was the screenwriter for Shaft?	John Singleton
6369351	color	8	demonstration	2813117	religion	What is the religion of John Calvin?	Protestantism
6502612	color	1	base	4974601	author	Who is the author of Anything Goes?	Howard Lindsay
6502612	color	2	base	6340617	sport	What sport does Atlético de Madrid play?	association football
6502612	color	3	base	6022476	director	Who was the director of Tora-san's Shattered Romance?	Yōji Yamada
6502612	color	4	base	1545923	place of birth	In what city was Liz born?	Tarzana
6502612	color	5	demonstration	4040093	producer	Who was the producer of Harvest?	Neil Young
6502612	color	6	demonstration	5175831	capital	What is the capital of Solomon Islands?	Honiara
6502612	color	7	demonstration	2853980	father	Who is the father of Tharrawaddy Min?	Thado Minsaw
6502612	color	8	demonstration	804401	composer	Who was the composer of Busy Doin' Nothin'?	Ace Wilder
793876	composer	1	base	5038057	screenwriter	Who was the screenwriter for Fireworks?	Kenneth Anger
793876	composer	2	base	2584594	capital	What is the capital of Niue?	Alofi
793876	composer	3	base	3031143	father	Who is the father of Eryx?	Poseidon
793876	composer	4	base	1527070	color	What color is Coventry City F.C.?	sky blue
793876	composer	5	demonstration	1782515	mother	Who is the mother of George Washington?	Mary Ball Washington
793876	composer	6	demonstration	3777950	director	Who was the director of Confession?	Ken Hughes
793876	composer	7	demonstration	5852482	producer	Who was the producer of Super?	Rockline Venkatesh
793876	composer	8	demonstration	4281795	author	Who is the author of Greed?	Elfriede Jelinek
1134304	composer	1	base	1632835	sport	What sport does penalty play?	ice hockey
1134304	composer	2	base	3809459	genre	What genre is Currency?	crime film
1134304	composer	3	base	4011112	occupation	What is Eleanor Davis's occupation?	cartoonist
1134304	composer	4	base	2602746	father	Who is the father of Alexander Graham Bell?	Alexander Melville Bell
1134304	composer	5	demonstration	15805	capital	What is the capital of Libya?	Tripoli
1134304	composer	6	demonstration	1361227	screenwriter	Who was the screenwriter for Thanksgiving?	Russel Friend
1134304	composer	7	demonstration	4395119	place of birth	In what city was Hermann Vezin born?	Philadelphia
1134304	composer	8	demonstration	2123773	mother	Who is the mother of Cadmus?	Telephassa
2577770	composer	1	base	2926285	mother	Who is the mother of Speed?	Scarlet Witch
2577770	composer	2	base	4579849	screenwriter	Who was the screenwriter for Gorgeous?	Jackie Chan
2577770	composer	3	base	1345220	director	Who was the director of Pump?	Josh Tickell
2577770	composer	4	base	770090	father	Who is the father of Hedwig of France, Countess of Nevers?	Robert II of France
2577770	composer	5	demonstration	1072943	religion	What is the religion of Hebrew Theological College?	Judaism
2577770	composer	6	demonstration	5053330	author	Who is the author of One Piece?	Eiichiro Oda
2577770	composer	7	demonstration	3507493	place of birth	In what city was Bill Short born?	Kingston
2577770	composer	8	demonstration	1046069	producer	Who was the producer of October 1?	Kunle Afolayan
3559919	composer	1	base	1694258	genre	What genre is Confession?	alternative metal
3559919	composer	2	base	1468148	producer	Who was the producer of Seven?	Arnold Kopelson
3559919	composer	3	base	1693978	occupation	What is Alexander Gadolin's occupation?	politician
3559919	composer	4	base	2742977	director	Who was the director of Avatar?	Carmine Gallone
3559919	composer	5	demonstration	1003808	capital	What is the capital of Kingdom of Hanover?	Hanover
3559919	composer	6	demonstration	2447453	screenwriter	Who was the screenwriter for Pilot?	Josh Schwartz
3559919	composer	7	demonstration	4033357	father	Who is the father of Emma Portman, Viscountess Portman?	Henry Lascelles, 2nd Earl of Harewood
3559919	composer	8	demonstration	4245583	religion	What is the religion of Simon Ntamwana?	Catholic Church
5745774	composer	1	base	4759344	religion	What is the religion of Joseph Merrick?	Baptists
5745774	composer	2	base	4402552	occupation	What is Alan Huckle's occupation?	diplomat
5745774	composer	3	base	1014403	mother	Who is the mother of Emmanuel Théodose de La Tour d'Auvergne?	Marie Anne Mancini
5745774	composer	4	base	6300462	screenwriter	Who was the screenwriter for The Candidate?	Elizabeth Sarnoff
5745774	composer	5	demonstration	4683941	country	In what country is New Hope?	United States of America
5745774	composer	6	demonstration	1201824	place of birth	In what city was Ted Williams born?	San Diego
5745774	composer	7	demonstration	302199	capital	What is the capital of Deux-Nèthes?	Antwerp
5745774	composer	8	demonstration	5915147	director	Who was the director of The Calendar?	Arthur Crabtree
5799945	composer	1	base	5600889	occupation	What is Robert Gwilym's occupation?	actor
5799945	composer	2	base	1421095	sport	What sport does Mo Hamdaoui play?	association football
5799945	composer	3	base	5781520	country	In what country is Lutsk?	Ukraine
5799945	composer	4	base	2395708	place of birth	In what city was James A. Peters born?	Durant
5799945	composer	5	demonstration	4857665	screenwriter	Who was the screenwriter for The Spirit?	Will Eisner
5799945	composer	6	demonstration	6340616	color	What color is Atlético de Madrid?	red
5799945	composer	7	demonstration	499104	producer	Who was the producer of Z?	Jacques Perrin
5799945	composer	8	demonstration	4146112	mother	Who is the mother of Vajiralongkorn?	Sirikit
6327677	composer	1	base	5521585	mother	Who is the mother of Emperor He of Han?	Consort Liang
6327677	composer	2	base	241612	screenwriter	Who was the screenwriter for The Ten?	Ken Marino
6327677	composer	3	base	5777706	author	Who is the author of Small g: a Summer Idyll?	Patricia Highsmith
6327677	composer	4	base	5738225	sport	What sport does Shaun Carey play?	association football
6327677	composer	5	demonstration	3033691	color	What color is ruby?	red
6327677	composer	6	demonstration	303478	occupation	What is Rusty Willoughby's occupation?	songwriter
6327677	composer	7	demonstration	3025476	genre	What genre is The Family Man?	comedy-drama
6327677	composer	8	demonstration	1887736	country	In what country is Norfolk?	United States of America
240570	composer	1	base	3899312	sport	What sport does Derby Carrillo play?	association football
240570	composer	2	base	6161418	author	Who is the author of What's Become of Waring?	Anthony Powell
240570	composer	3	base	511140	religion	What is the religion of William Ames?	Calvinism
240570	composer	4	base	4514247	country	In what country is BT Group?	United Kingdom
240570	composer	5	demonstration	729239	place of birth	In what city was Jean Arp born?	Strasbourg
240570	composer	6	demonstration	307811	capital	What is the capital of Canton of Lucerne?	Lucerne
240570	composer	7	demonstration	6402174	screenwriter	Who was the screenwriter for The Switch?	Allan Loeb
240570	composer	8	demonstration	3558669	producer	Who was the producer of Outbreak?	Wolfgang Petersen
291990	composer	1	base	4934000	author	Who is the author of Leaving Home?	David French
291990	composer	2	base	5951038	director	Who was the director of The Reef?	Robert Allan Ackerman
291990	composer	3	base	2935403	genre	What genre is The Unknown?	mystery film
291990	composer	4	base	3486328	color	What color is York City F.C.?	red
291990	composer	5	demonstration	431420	producer	Who was the producer of Disclosure?	Michael Crichton
291990	composer	6	demonstration	6032643	religion	What is the religion of Trevor Mwamba?	Anglicanism
291990	composer	7	demonstration	1723204	father	Who is the father of Prince Alexander of the Netherlands?	William II of the Netherlands
291990	composer	8	demonstration	5480246	country	In what country is Post Carbon Institute?	United States of America
1324455	composer	1	base	2523629	sport	What sport does Mohammed Amine Kabli play?	association football
1324455	composer	2	base	110614	father	Who is the father of Dwayne Johnson?	Rocky Johnson
1324455	composer	3	base	60523	capital	What is the capital of Nugal?	Garoowe
1324455	composer	4	base	3033691	color	What color is ruby?	red
1324455	composer	5	demonstration	5980495	occupation	What is Thomas Jefferson Kaye's occupation?	record producer
1324455	composer	6	demonstration	5908831	genre	What genre is The Arrangement?	reality television
1324455	composer	7	demonstration	6449400	producer	Who was the producer of Treasure Island?	Fraser Clarke Heston
1324455	composer	8	demonstration	2944155	screenwriter	Who was the screenwriter for Family Life?	Jacques Doillon
1631014	composer	1	base	2085287	genre	What genre is The Entity?	horror film
1631014	composer	2	base	2348074	occupation	What is Malcolm David Kelley's occupation?	actor
1631014	composer	3	base	1395564	sport	What sport does Stadio Brianteo play?	association football
1631014	composer	4	base	210589	country	In what country is Ely?	United States of America
1631014	composer	5	demonstration	5941738	producer	Who was the producer of The Metro?	Dileep (Gopalakrishnan P Pillai)
1631014	composer	6	demonstration	3107725	mother	Who is the mother of May Morris?	Jane Morris
1631014	composer	7	demonstration	214232	father	Who is the father of Senhime?	Tokugawa Hidetada
1631014	composer	8	demonstration	1734901	capital	What is the capital of Albania?	Tirana
2898331	composer	1	base	6261308	country	In what country is Belavia?	Belarus
2898331	composer	2	base	217415	capital	What is the capital of Ethiopia?	Addis Ababa
2898331	composer	3	base	2145751	screenwriter	Who was the screenwriter for One Night?	Lucas Belvaux
2898331	composer	4	base	5034119	place of birth	In what city was Luis Reece born?	Taunton
2898331	composer	5	demonstration	2805229	author	Who is the author of Find Me?	Rosie O'Donnell
2898331	composer	6	demonstration	5045808	mother	Who is the mother of Isaac?	Sara
2898331	composer	7	demonstration	1456705	producer	Who was the producer of Tron: Legacy?	Steven Lisberger
2898331	composer	8	demonstration	462655	religion	What is the religion of Gustav Adolf, Cardinal Prince of Hohenlohe-Schillingfürst?	Catholic Church
5916607	composer	1	base	3033691	color	What color is ruby?	red
5916607	composer	2	base	1772720	occupation	What is Antonio Álvarez Alonso's occupation?	composer
5916607	composer	3	base	4297778	director	Who was the director of Guns?	Andy Sidaris
5916607	composer	4	base	4447201	country	In what country is Ab Bahri?	Iran
5916607	composer	5	demonstration	2605667	place of birth	In what city was Richard Rawlinson born?	London
5916607	composer	6	demonstration	4756000	father	Who is the father of Heinrich Gustav Reichenbach?	Ludwig Reichenbach
5916607	composer	7	demonstration	1621813	screenwriter	Who was the screenwriter for Breath?	Kim Ki-duk
5916607	composer	8	demonstration	1867834	capital	What is the capital of Belize?	Belmopan
6392819	composer	1	base	3780670	author	Who is the author of Consent to Kill?	Vince Flynn
6392819	composer	2	base	4725190	occupation	What is John Mayne's occupation?	journalist
6392819	composer	3	base	6292892	place of birth	In what city was Ed Sullivan born?	New York City
6392819	composer	4	base	3483611	color	What color is Exeter City F.C.?	red
6392819	composer	5	demonstration	5946060	genre	What genre is The Other?	short story
6392819	composer	6	demonstration	2216759	screenwriter	Who was the screenwriter for On My Way?	Emmanuelle Bercot
6392819	composer	7	demonstration	3081622	mother	Who is the mother of Sean Penn?	Eileen Ryan
6392819	composer	8	demonstration	1777111	sport	What sport does Wilson Rodrigues Fonseca play?	association football
361831	composer	1	base	5939255	director	Who was the director of The Loudwater Mystery?	Walter West
361831	composer	2	base	5966775	genre	What genre is Theatre?	mathcore
361831	composer	3	base	1507294	color	What color is Charlton Athletic F.C.?	red
361831	composer	4	base	5980495	occupation	What is Thomas Jefferson Kaye's occupation?	record producer
361831	composer	5	demonstration	792070	mother	Who is the mother of Amenhotep I?	Ahmose-Nefertari
361831	composer	6	demonstration	4663230	country	In what country is Burns?	United States of America
361831	composer	7	demonstration	2889869	producer	Who was the producer of Odin: Photon Sailer Starlight?	Yoshinobu Nishizaki
361831	composer	8	demonstration	4272302	religion	What is the religion of Spring Hill College?	Catholic Church
470176	composer	1	base	1053271	occupation	What is Rose Beaudet's occupation?	actor
470176	composer	2	base	5562945	sport	What sport does Jukka Tammi play?	ice hockey
470176	composer	3	base	3483883	color	What color is Fleetwood Town F.C.?	red
470176	composer	4	base	599002	genre	What genre is Martin Garrix?	electronic dance music
470176	composer	5	demonstration	4494929	country	In what country is Lima?	Paraguay
470176	composer	6	demonstration	5007308	director	Who was the director of Comedy of Power?	Claude Chabrol
470176	composer	7	demonstration	2264366	place of birth	In what city was Cooper Smeaton born?	Carleton Place
470176	composer	8	demonstration	459924	religion	What is the religion of Innocent I?	Catholic Church
1550690	composer	1	base	5763761	director	Who was the director of Singapore?	Shakti Samanta
1550690	composer	2	base	6395335	genre	What genre is Hinder?	hard rock
1550690	composer	3	base	5201849	producer	Who was the producer of Moksha?	Ashok Mehta
1550690	composer	4	base	2517792	place of birth	In what city was Michelle Renaudddd born?	Mexico City
1550690	composer	5	demonstration	5275786	religion	What is the religion of Neville Figgis?	Anglicanism
1550690	composer	6	demonstration	2482412	author	Who is the author of Testimony?	Solomon Volkov
1550690	composer	7	demonstration	2534092	capital	What is the capital of Haute-Corse?	Bastia
1550690	composer	8	demonstration	2531779	mother	Who is the mother of John Knatchbull, 7th Baron Brabourne?	Doreen Knatchbull, Baroness Brabourne
1748196	composer	1	base	2838807	author	Who is the author of Closer?	Patrick Marber
1748196	composer	2	base	4586694	country	In what country is Ittamalliyagoda?	Sri Lanka
1748196	composer	3	base	1728180	screenwriter	Who was the screenwriter for A.I. Artificial Intelligence?	Ian Watson
1748196	composer	4	base	1911900	capital	What is the capital of Adyghe Autonomous Oblast?	Krasnodar
1748196	composer	5	demonstration	3024065	mother	Who is the mother of Maria Alekseyevna of Russia?	Maria Miloslavskaya
1748196	composer	6	demonstration	5037972	religion	What is the religion of Lutheran Theological Seminary at Philadelphia?	Evangelical Lutheran Church in America
1748196	composer	7	demonstration	4355272	occupation	What is Brian Eno's occupation?	record producer
1748196	composer	8	demonstration	3510203	place of birth	In what city was Billy Carlson born?	San Diego
1796445	composer	1	base	5921472	director	Who was the director of The Designated Mourner?	David Hare
1796445	composer	2	base	3276960	father	Who is the father of Alexander?	Ivan Shishman of Bulgaria
1796445	composer	3	base	2513644	occupation	What is Kekko Fornarelli's occupation?	composer
1796445	composer	4	base	2941704	mother	Who is the mother of Emma of Normandy?	Gunnora
1796445	composer	5	demonstration	2070408	producer	Who was the producer of Turn to You?	Justin Bieber
1796445	composer	6	demonstration	3579514	capital	What is the capital of Prentiss County?	Booneville
1796445	composer	7	demonstration	529887	place of birth	In what city was C. N. Annadurai born?	Kanchipuram
1796445	composer	8	demonstration	4831102	genre	What genre is Flightplan?	thriller
2673136	composer	1	base	1841625	sport	What sport does André Racicot play?	ice hockey
2673136	composer	2	base	1562003	country	In what country is Mechanicsburg?	United States of America
2673136	composer	3	base	3111536	religion	What is the religion of Francis?	Catholic Church
2673136	composer	4	base	1528049	color	What color is Doncaster Rovers F.C.?	red
2673136	composer	5	demonstration	4088686	author	Who is the author of Faith?	Len Deighton
2673136	composer	6	demonstration	3338045	director	Who was the director of Angel?	Ganesh Acharya
2673136	composer	7	demonstration	1866996	genre	What genre is Come Back to Me?	pop music
2673136	composer	8	demonstration	3950520	producer	Who was the producer of Downloaded?	Alex Winter
3633769	composer	1	base	2116285	occupation	What is Javad Maroufi's occupation?	composer
3633769	composer	2	base	2435549	producer	Who was the producer of On the Town?	Roger Edens
3633769	composer	3	base	726202	screenwriter	Who was the screenwriter for Grand Prix?	John Frankenheimer
3633769	composer	4	base	1777990	father	Who is the father of Sybilla of Normandy?	Henry I of England
3633769	composer	5	demonstration	4974678	director	Who was the director of South Park: Bigger, Longer & Uncut?	Trey Parker
3633769	composer	6	demonstration	5106918	mother	Who is the mother of Mary Elizabeth Maugham?	Syrie Maugham
3633769	composer	7	demonstration	6275688	sport	What sport does Bernhard Winkler play?	association football
3633769	composer	8	demonstration	1473897	country	In what country is Alamo?	United States of America
1098931	country	1	base	130213	occupation	What is Shozaburo Nakamura's occupation?	politician
1098931	country	2	base	2881631	producer	Who was the producer of Eat?	Andy Warhol
1098931	country	3	base	1680748	author	Who is the author of Room?	Emma Donoghue
1098931	country	4	base	2714297	sport	What sport does Yuri Koroviansky play?	volleyball
1098931	country	5	demonstration	587568	religion	What is the religion of Frank Joseph Dewane?	Catholic Church
1098931	country	6	demonstration	987936	capital	What is the capital of Province of Teramo?	Teramo
1098931	country	7	demonstration	181481	place of birth	In what city was Jurgis Karnavičius born?	Vilnius
1098931	country	8	demonstration	1671685	genre	What genre is The Association?	soft rock
2113325	country	1	base	130213	occupation	What is Shozaburo Nakamura's occupation?	politician
2113325	country	2	base	4573623	mother	Who is the mother of Sydney Chaplin?	Hannah Chaplin
2113325	country	3	base	4683998	father	Who is the father of Jitendra Narayan?	Nripendra Narayan
2113325	country	4	base	167367	author	Who is the author of Kitty Pryde and Wolverine?	Chris Claremont
2113325	country	5	demonstration	251876	place of birth	In what city was John Keating born?	Hobart
2113325	country	6	demonstration	2881633	screenwriter	Who was the screenwriter for Eat?	Andy Warhol
2113325	country	7	demonstration	3067431	sport	What sport does Tim Jackman play?	ice hockey
2113325	country	8	demonstration	4498733	producer	Who was the producer of The Bachelor?	Chris O'Donnell
2979928	country	1	base	2983320	director	Who was the director of Sunday?	Jonathan Nossiter
2979928	country	2	base	1808330	author	Who is the author of Mechanics?	Aristotle
2979928	country	3	base	2901881	occupation	What is Pietro Marcenaro's occupation?	politician
2979928	country	4	base	1291661	producer	Who was the producer of Last Night?	Massy Tadjedin
2979928	country	5	demonstration	5464856	genre	What genre is 22?	pop music
2979928	country	6	demonstration	2697463	color	What color is White House?	white
2979928	country	7	demonstration	2815934	capital	What is the capital of Clay County?	Clay Center
2979928	country	8	demonstration	1398876	screenwriter	Who was the screenwriter for Ghost?	Hossein Shahabi
3495575	country	1	base	1184229	screenwriter	Who was the screenwriter for A Teacher?	Hannah Fidell
3495575	country	2	base	2289674	genre	What genre is Discount?	punk rock
3495575	country	3	base	354960	capital	What is the capital of Val d'Aran?	Vielha e Mijaran
3495575	country	4	base	392271	father	Who is the father of John, King of England?	Henry II of England
3495575	country	5	demonstration	1205536	sport	What sport does David Coulthard play?	Formula One
3495575	country	6	demonstration	3060515	mother	Who is the mother of Isabel Neville, Duchess of Clarence?	Anne Neville, 16th Countess of Warwick
3495575	country	7	demonstration	1864240	composer	Who was the composer of The Way It Is?	Bruce Hornsby
3495575	country	8	demonstration	2593167	producer	Who was the producer of Mayabazar?	B. Nagi Reddy
4307251	country	1	base	5576709	occupation	What is Richard Lui's occupation?	journalist
4307251	country	2	base	6493088	mother	Who is the mother of Amitabh Bachchan?	Teji Bachchan
4307251	country	3	base	3704784	author	Who is the author of Checkers?	John Marsden
4307251	country	4	base	4901059	producer	Who was the producer of LOL?	Joe Swanberg
4307251	country	5	demonstration	909854	religion	What is the religion of Stephen?	Christianity
4307251	country	6	demonstration	830263	color	What color is flag of Zimbabwe?	red
4307251	country	7	demonstration	1685298	capital	What is the capital of Slovakia?	Bratislava
4307251	country	8	demonstration	988829	composer	Who was the composer of Star Trek: The Next Generation?	Dennis McCarthy
4430730	country	1	base	3135573	sport	What sport does 1923 in Brazilian football play?	association football
4430730	country	2	base	6074031	religion	What is the religion of Union of Catholic Asian News?	Catholic Church
4430730	country	3	base	383351	place of birth	In what city was Jacob Duck born?	Utrecht
4430730	country	4	base	1797937	mother	Who is the mother of Licinia Eudoxia?	Aelia Eudocia
4430730	country	5	demonstration	6308524	director	Who was the director of Parents?	Bob Balaban
4430730	country	6	demonstration	3498602	author	Who is the author of Big Money?	P. G. Wodehouse
4430730	country	7	demonstration	44272	capital	What is the capital of Takamatsu Domain?	Takamatsu
4430730	country	8	demonstration	2251663	father	Who is the father of Alexander I of Serbia?	Milan I Obrenović
4452977	country	1	base	2774555	place of birth	In what city was William Osler born?	Ontario
4452977	country	2	base	3486328	color	What color is York City F.C.?	red
4452977	country	3	base	6032643	religion	What is the religion of Trevor Mwamba?	Anglicanism
4452977	country	4	base	2583406	genre	What genre is Ace Frehley?	hard rock
4452977	country	5	demonstration	3099941	capital	What is the capital of Corrientes?	Corrientes
4452977	country	6	demonstration	5303917	director	Who was the director of Normal?	Jesse Peretz
4452977	country	7	demonstration	5068264	screenwriter	Who was the screenwriter for Manhattan?	Adam Horowitz
4452977	country	8	demonstration	1758574	occupation	What is Leona Detiège's occupation?	politician
1832922	country	1	base	2351406	screenwriter	Who was the screenwriter for Kitty?	Karl Tunberg
1832922	country	2	base	2203360	religion	What is the religion of Spain?	non-denominational
1832922	country	3	base	1009429	sport	What sport does Alexandru Chiculiță play?	fencing
1832922	country	4	base	2612485	capital	What is the capital of Crete?	Heraklion
1832922	country	5	demonstration	5052828	occupation	What is Maev-Ann Wren's occupation?	journalist
1832922	country	6	demonstration	3365474	father	Who is the father of Arabia?	Justin II
1832922	country	7	demonstration	314204	author	Who is the author of The Sea?	John Banville
1832922	country	8	demonstration	6460541	mother	Who is the mother of Sancho, Count of Provence?	Petronilla of Aragon
1895103	country	1	base	1051784	director	Who was the director of Forgive?	Marcos Siega
1895103	country	2	base	4519709	screenwriter	Who was the screenwriter for The Gardener?	Mohsen Makhmalbaf
1895103	country	3	base	5690187	mother	Who is the mother of Emperor Yang of Sui?	Empress Dugu Qieluo
1895103	country	4	base	3719491	religion	What is the religion of Choir monk?	Catholic Church
1895103	country	5	demonstration	285168	composer	Who was the composer of The Man with the Golden Arm?	Elmer Bernstein
1895103	country	6	demonstration	3031143	father	Who is the father of Eryx?	Poseidon
1895103	country	7	demonstration	1879854	genre	What genre is Exposed?	pop music
1895103	country	8	demonstration	823225	place of birth	In what city was Tjokorda Ngurah Wim Sukawati born?	Ubud
2783954	country	1	base	512880	capital	What is the capital of Cagayan?	Tuguegarao
2783954	country	2	base	450950	director	Who was the director of The Scarf?	Ewald André Dupont
2783954	country	3	base	736578	color	What color is A.C. Milan?	red
2783954	country	4	base	2336506	genre	What genre is Férias Frustradas do Pica-Pau?	platform game
2783954	country	5	demonstration	4740505	religion	What is the religion of Grand Duchy of Finland?	Evangelical Lutheran Church of Finland
2783954	country	6	demonstration	2456152	producer	Who was the producer of Tennessee?	Lee Daniels
2783954	country	7	demonstration	2834636	father	Who is the father of Ibn Shihab al-Zuhri?	Muslim ibn Shihab
2783954	country	8	demonstration	1089786	place of birth	In what city was Jerrold Katz born?	Washington, D.C.
3146661	country	1	base	736578	color	What color is A.C. Milan?	red
3146661	country	2	base	377436	capital	What is the capital of Jask County?	Jask
3146661	country	3	base	4094161	sport	What sport does Farshad Falahatzadeh play?	association football
3146661	country	4	base	4630284	genre	What genre is Yellow?	J-pop
3146661	country	5	demonstration	1092672	mother	Who is the mother of Paula Weinstein?	Hannah Weinstein
3146661	country	6	demonstration	4011407	occupation	What is Eleanor Yule's occupation?	film director
3146661	country	7	demonstration	2654856	producer	Who was the producer of Now Look?	Ronnie Wood
3146661	country	8	demonstration	173694	author	Who is the author of Into the Woods?	Stephen Sondheim
4966824	country	1	base	2227937	director	Who was the director of By Indian Post?	John Ford
4966824	country	2	base	1254794	genre	What genre is Hate?	black metal
4966824	country	3	base	572965	screenwriter	Who was the screenwriter for The Fever?	Wallace Shawn
4966824	country	4	base	1844051	capital	What is the capital of Meta?	Villavicencio
4966824	country	5	demonstration	3866633	occupation	What is David J. Brown's occupation?	computer scientist
4966824	country	6	demonstration	1318796	composer	Who was the composer of Sue?	Maria Schneider
4966824	country	7	demonstration	6340616	color	What color is Atlético de Madrid?	red
4966824	country	8	demonstration	1791523	father	Who is the father of Claudia Octavia?	Claudius
5816105	country	1	base	351031	capital	What is the capital of Indre-et-Loire?	Tours
5816105	country	2	base	3483883	color	What color is Fleetwood Town F.C.?	red
5816105	country	3	base	1927932	genre	What genre is Christine?	horror literature
5816105	country	4	base	6402553	director	Who was the director of Bullet?	Julien Temple
5816105	country	5	demonstration	2488535	religion	What is the religion of Benjamin Marc Ramaroson?	Catholic Church
5816105	country	6	demonstration	6457682	producer	Who was the producer of Ladies and Gentlemen: The Rolling Stones?	Marshall Chess
5816105	country	7	demonstration	6400081	mother	Who is the mother of Abraham Lincoln?	Nancy Hanks Lincoln
5816105	country	8	demonstration	5676902	place of birth	In what city was Sam Storey born?	Belfast
6527198	country	1	base	4596443	place of birth	In what city was Jaakko Laakso born?	Turku
6527198	country	2	base	3718561	sport	What sport does Cho Keung-yeon play?	association football
6527198	country	3	base	5877064	composer	Who was the composer of Take Me Along?	Bob Merrill
6527198	country	4	base	6297574	mother	Who is the mother of Horus?	Isis
6527198	country	5	demonstration	3030578	capital	What is the capital of Turkey?	Ankara
6527198	country	6	demonstration	3483611	color	What color is Exeter City F.C.?	red
6527198	country	7	demonstration	2603293	director	Who was the director of Not Quite Paradise?	Lewis Gilbert
6527198	country	8	demonstration	3748607	author	Who is the author of Clash?	Ellen Wilkinson
323943	country	1	base	2419704	genre	What genre is Ross Macdonald?	detective fiction
323943	country	2	base	1203489	producer	Who was the producer of More?	Barbet Schroeder
323943	country	3	base	4626488	place of birth	In what city was James M. Bingham born?	Perry
323943	country	4	base	3483611	color	What color is Exeter City F.C.?	red
323943	country	5	demonstration	1625694	director	Who was the director of Hollywood?	James Cruze
323943	country	6	demonstration	5852562	father	Who is the father of Ludwig Feuerbach?	Paul Johann Anselm Ritter von Feuerbach
323943	country	7	demonstration	3236156	composer	Who was the composer of Afgar?	Charles Cuvillier
323943	country	8	demonstration	2155469	mother	Who is the mother of Michael Jackson?	Katherine Jackson
497949	country	1	base	2046525	father	Who is the father of Robert?	Louis IX of France
497949	country	2	base	5922139	genre	What genre is The Dive?	action film
497949	country	3	base	5453479	director	Who was the director of Pilot?	Peter Horton
497949	country	4	base	2986944	screenwriter	Who was the screenwriter for Ride?	Millicent Shelton
497949	country	5	demonstration	347090	sport	What sport does Didier Défago play?	alpine skiing
497949	country	6	demonstration	5006891	capital	What is the capital of Saanen District?	Saanen
497949	country	7	demonstration	4604790	composer	Who was the composer of Grease?	Jim Jacobs
497949	country	8	demonstration	1980487	religion	What is the religion of William Jerome McCormack?	Catholic Church
1967974	country	1	base	2531779	mother	Who is the mother of John Knatchbull, 7th Baron Brabourne?	Doreen Knatchbull, Baroness Brabourne
1967974	country	2	base	1254817	screenwriter	Who was the screenwriter for Transylvania?	Tony Gatlif
1967974	country	3	base	1404706	director	Who was the director of Echo?	Hossein Shahabi
1967974	country	4	base	1014859	capital	What is the capital of Oklahoma?	Oklahoma City
1967974	country	5	demonstration	6028913	genre	What genre is The Tunnel?	science fiction film
1967974	country	6	demonstration	5203012	sport	What sport does Momo Wall Blamo play?	association football
1967974	country	7	demonstration	3486328	color	What color is York City F.C.?	red
1967974	country	8	demonstration	1012322	father	Who is the father of Charles Cornwallis, 1st Marquess Cornwallis?	Charles Cornwallis, 1st Earl Cornwallis
2164714	country	1	base	634680	mother	Who is the mother of Makaziwe Mandela?	Evelyn Mase
2164714	country	2	base	4068085	place of birth	In what city was Mapy Cortés born?	Santurce
2164714	country	3	base	1111661	sport	What sport does Guyana women's national field hockey team play?	field hockey
2164714	country	4	base	402862	screenwriter	Who was the screenwriter for Hero?	David Peoples
2164714	country	5	demonstration	6438951	genre	What genre is The Carpenter?	symphonic metal
2164714	country	6	demonstration	3025283	occupation	What is Seungri's occupation?	actor
2164714	country	7	demonstration	5937854	producer	Who was the producer of The Lie?	Independent Moving Pictures
2164714	country	8	demonstration	4331878	director	Who was the director of Hari-Bhari?	Shyam Benegal
3367439	country	1	base	5120653	father	Who is the father of Matthew Robinson Boulton?	Matthew Boulton
3367439	country	2	base	1416925	color	What color is Manchester United F.C.?	red
3367439	country	3	base	66322	producer	Who was the producer of Rent?	Chris Columbus
3367439	country	4	base	1041192	place of birth	In what city was Franky Zapata born?	Marseille
3367439	country	5	demonstration	2941094	author	Who is the author of Before Midnight?	Rex Stout
3367439	country	6	demonstration	1698898	genre	What genre is John Entwistle?	rock music
3367439	country	7	demonstration	6454957	sport	What sport does Laryea Kingston play?	association football
3367439	country	8	demonstration	2616411	occupation	What is Benazir Bhutto's occupation?	politician
3508754	country	1	base	340086	mother	Who is the mother of Alexandros II of Epirus?	Lanassa
3508754	country	2	base	5765806	father	Who is the father of Sir Capel Molyneux, 3rd Baronet?	Sir Thomas Molyneux, 1st Baronet
3508754	country	3	base	694870	genre	What genre is The Photographical Congress Arrives in Lyon?	documentary film
3508754	country	4	base	3209325	sport	What sport does Abdulhadi Khalaf play?	association football
3508754	country	5	demonstration	4775307	place of birth	In what city was Juha Jokela born?	Tampere
3508754	country	6	demonstration	1136027	occupation	What is John Blake, Jr.'s occupation?	politician
3508754	country	7	demonstration	1416925	color	What color is Manchester United F.C.?	red
3508754	country	8	demonstration	6522548	producer	Who was the producer of The Lady?	Luc Besson
4872335	country	1	base	6340616	color	What color is Atlético de Madrid?	red
4872335	country	2	base	1335873	father	Who is the father of Tyler Ritter?	John Ritter
4872335	country	3	base	2596450	director	Who was the director of Imagine?	Yoko Ono
4872335	country	4	base	4888552	screenwriter	Who was the screenwriter for The Commitments?	Ian La Frenais
4872335	country	5	demonstration	3406780	mother	Who is the mother of August Coppola?	Italia Coppola
4872335	country	6	demonstration	1590546	composer	Who was the composer of Alceste?	Jean-Baptiste Lully
4872335	country	7	demonstration	787981	place of birth	In what city was Kazuhiro Suzuki born?	Tokyo
4872335	country	8	demonstration	3282579	sport	What sport does Alexis Carra play?	association football
796480	director	1	base	1996803	author	Who is the author of Doomsday Book?	Connie Willis
796480	director	2	base	6385894	screenwriter	Who was the screenwriter for Love?	Doze Niu
796480	director	3	base	2421525	religion	What is the religion of Joseph-Médard Émard?	Catholic Church
796480	director	4	base	6049645	capital	What is the capital of Dominican Republic?	Santo Domingo
796480	director	5	demonstration	2025544	sport	What sport does Francis play?	association football
796480	director	6	demonstration	1839241	father	Who is the father of Princess Marie Adélaïde of France?	Louis XV of France
796480	director	7	demonstration	2148183	producer	Who was the producer of Singles?	Cameron Crowe
796480	director	8	demonstration	5436371	occupation	What is Petru Vlah's occupation?	politician
2271386	director	1	base	468396	mother	Who is the mother of Louis?	Rotrude
2271386	director	2	base	4963133	composer	Who was the composer of Shenmue?	Takenobu Mitsuyoshi
2271386	director	3	base	5360398	genre	What genre is Out of the Blue?	musical film
2271386	director	4	base	1319664	producer	Who was the producer of The Women?	Diane English
2271386	director	5	demonstration	4779546	color	What color is FC Internazionale Milano?	black
2271386	director	6	demonstration	4960050	place of birth	In what city was Li Huai Min born?	Hong Kong
2271386	director	7	demonstration	3870325	religion	What is the religion of David Mills?	atheism
2271386	director	8	demonstration	40263	screenwriter	Who was the screenwriter for Nevada?	Zane Grey
2313044	director	1	base	3093191	religion	What is the religion of Franciszek Rogaczewski?	Catholic Church
2313044	director	2	base	819144	composer	Who was the composer of Legend?	Devi Sri Prasad
2313044	director	3	base	2450254	screenwriter	Who was the screenwriter for The Bet?	Didier Bourdon
2313044	director	4	base	978969	country	In what country is Auberge d'Angleterre?	Malta
2313044	director	5	demonstration	1806713	capital	What is the capital of Province of New Jersey?	Elizabeth
2313044	director	6	demonstration	5613652	place of birth	In what city was Robin Williams born?	Christchurch
2313044	director	7	demonstration	3483611	color	What color is Exeter City F.C.?	red
2313044	director	8	demonstration	5815002	mother	Who is the mother of Barack Obama?	Ann Dunham
2733643	director	1	base	3591887	genre	What genre is Little Things?	traditional music
2733643	director	2	base	2065688	place of birth	In what city was Batman born?	Gotham City
2733643	director	3	base	3255098	sport	What sport does Alain Rakotondramanana play?	association football
2733643	director	4	base	6304989	screenwriter	Who was the screenwriter for The Deep End?	Scott McGehee
2733643	director	5	demonstration	6453829	capital	What is the capital of Hato Mayor Province?	Hato Mayor del Rey
2733643	director	6	demonstration	1222272	father	Who is the father of Archduchess Assunta of Austria?	Archduke Leopold Salvator of Austria
2733643	director	7	demonstration	1697175	occupation	What is Robert Carson's occupation?	actor
2733643	director	8	demonstration	3044665	religion	What is the religion of Andrew the Apostle?	Catholic Church
2933470	director	1	base	3149189	capital	What is the capital of European Union?	City of Brussels
2933470	director	2	base	2084522	composer	Who was the composer of Champion?	Drake
2933470	director	3	base	4984450	country	In what country is Berry?	United States of America
2933470	director	4	base	1611420	sport	What sport does Los Angeles Galaxy play?	association football
2933470	director	5	demonstration	3486328	color	What color is York City F.C.?	red
2933470	director	6	demonstration	5047590	father	Who is the father of MacGregor Knox?	Bernard Knox
2933470	director	7	demonstration	2189830	place of birth	In what city was Baptiste Lecaplain born?	Mortain
2933470	director	8	demonstration	5357751	religion	What is the religion of Ottawa University?	American Baptist Churches USA
5453554	director	1	base	1909483	producer	Who was the producer of Bug?	William Castle
5453554	director	2	base	1758574	occupation	What is Leona Detiège's occupation?	politician
5453554	director	3	base	1673256	religion	What is the religion of Claus Schenk Graf von Stauffenberg?	Catholic Church
5453554	director	4	base	3487891	sport	What sport does Best play?	association football
5453554	director	5	demonstration	4779546	color	What color is FC Internazionale Milano?	black
5453554	director	6	demonstration	3705644	screenwriter	Who was the screenwriter for The Bridge?	Bernhard Wicki
5453554	director	7	demonstration	604250	place of birth	In what city was John A. Shaud born?	Cleveland
5453554	director	8	demonstration	5965071	composer	Who was the composer of The Witch?	Maurice Ravel
5928583	director	1	base	5855524	father	Who is the father of Susan Crown?	Lester Crown
5928583	director	2	base	4487895	author	Who is the author of Hollywood?	Gore Vidal
5928583	director	3	base	3330984	mother	Who is the mother of Andrew Schlafly?	Phyllis Schlafly
5928583	director	4	base	6340616	color	What color is Atlético de Madrid?	red
5928583	director	5	demonstration	685304	composer	Who was the composer of Upside Down?	Nile Rodgers
5928583	director	6	demonstration	510782	genre	What genre is Sherlock Holmes: The Mystery of the Mummy?	adventure game
5928583	director	7	demonstration	6263561	religion	What is the religion of Benedito Domingos Vito Coscia?	Catholic Church
5928583	director	8	demonstration	365151	place of birth	In what city was Sugar Ray Norcia born?	Stonington
1266165	director	1	base	1535497	screenwriter	Who was the screenwriter for La bonne année?	Claude Lelouch
1266165	director	2	base	2016599	sport	What sport does Katie Taylor play?	boxing
1266165	director	3	base	5359548	composer	Who was the composer of Our House?	Graham Nash
1266165	director	4	base	3781633	country	In what country is Saint-Paul?	Canada
1266165	director	5	demonstration	5800314	author	Who is the author of Spiral?	Roderick Gordon
1266165	director	6	demonstration	3878768	producer	Who was the producer of Day After Day?	George Harrison
1266165	director	7	demonstration	6138181	religion	What is the religion of Walter Carey?	Anglicanism
1266165	director	8	demonstration	1484274	occupation	What is Jean-Marie-Victor Viel's occupation?	architect
1325196	director	1	base	5047005	place of birth	In what city was Paul Singer born?	Berlin
1325196	director	2	base	6276988	capital	What is the capital of Berry?	Bourges
1325196	director	3	base	1673974	country	In what country is Victory Monument in Netanya?	Israel
1325196	director	4	base	5436227	occupation	What is Petros Efthymiou's occupation?	politician
1325196	director	5	demonstration	1400609	father	Who is the father of William Zeckendorf, Jr.?	William Zeckendorf
1325196	director	6	demonstration	5929435	producer	Who was the producer of The Gorilla?	Edward Small
1325196	director	7	demonstration	2890336	author	Who is the author of Oliver's Story?	Erich Segal
1325196	director	8	demonstration	2281402	genre	What genre is Gangsta Boo?	hip hop music
2213921	director	1	base	1423912	sport	What sport does Deontay Greenberry play?	American football
2213921	director	2	base	2836334	author	Who is the author of The Book?	H. P. Lovecraft
2213921	director	3	base	1976665	mother	Who is the mother of Mary of Waltham?	Philippa of Hainault
2213921	director	4	base	6251634	country	In what country is Łazy, Sierpc County?	Poland
2213921	director	5	demonstration	3682224	father	Who is the father of Charismatic?	Summer Squall
2213921	director	6	demonstration	3713393	capital	What is the capital of Chittenden County?	Burlington
2213921	director	7	demonstration	1547771	religion	What is the religion of Antonio Hernández Gallegos?	Catholic Church
2213921	director	8	demonstration	5370728	genre	What genre is Sripada Pinakapani?	Carnatic music
2350257	director	1	base	1524983	color	What color is Carlisle United F.C.?	red
2350257	director	2	base	1742797	screenwriter	Who was the screenwriter for The Queen?	Peter Morgan
2350257	director	3	base	4573410	composer	Who was the composer of Irandam Ulagam?	Harris Jayaraj
2350257	director	4	base	2825693	religion	What is the religion of T. S. Eliot?	Unitarianism
2350257	director	5	demonstration	3265962	author	Who is the author of Albertine?	Jacqueline Rose
2350257	director	6	demonstration	2820580	father	Who is the father of Sejong the Great?	Taejong of Joseon
2350257	director	7	demonstration	4402859	country	In what country is Madison?	United States of America
2350257	director	8	demonstration	1195592	mother	Who is the mother of Menelaus?	Aerope
3363036	director	1	base	1507294	color	What color is Charlton Athletic F.C.?	red
3363036	director	2	base	4795306	screenwriter	Who was the screenwriter for Red Road?	Andrea Arnold
3363036	director	3	base	2490193	genre	What genre is Good Times?	musical film
3363036	director	4	base	2890336	author	Who is the author of Oliver's Story?	Erich Segal
3363036	director	5	demonstration	6357746	country	In what country is Direkte Aktion?	Germany
3363036	director	6	demonstration	4906189	sport	What sport does Ladislav Žák play?	association football
3363036	director	7	demonstration	6406481	occupation	What is Bridie O'Flaherty's occupation?	politician
3363036	director	8	demonstration	832908	capital	What is the capital of Canada?	Ottawa
4352001	director	1	base	1011657	place of birth	In what city was Jason Bourque born?	Vancouver
4352001	director	2	base	2807789	producer	Who was the producer of Francis?	Universal Pictures
4352001	director	3	base	4402885	country	In what country is Wilcza Jama, Sokółka County?	Poland
4352001	director	4	base	5212323	screenwriter	Who was the screenwriter for Morning Raga?	Mahesh Dattani
4352001	director	5	demonstration	2116220	genre	What genre is 8mm?	mystery film
4352001	director	6	demonstration	4480719	sport	What sport does history of Melbourne Knights FC play?	association football
4352001	director	7	demonstration	3542018	mother	Who is the mother of Malin Berghagen?	Lill-Babs
4352001	director	8	demonstration	5274970	author	Who is the author of Nevada?	Steve Gerber
6454644	director	1	base	6519236	father	Who is the father of Emperor Taizong of Tang?	Emperor Gaozu of Tang
6454644	director	2	base	4626488	place of birth	In what city was James M. Bingham born?	Perry
6454644	director	3	base	2649005	author	Who is the author of Sonnet 109?	William Shakespeare
6454644	director	4	base	3716123	capital	What is the capital of Racine County?	Racine
6454644	director	5	demonstration	1981390	mother	Who is the mother of Rachel Summers?	Jean Grey
6454644	director	6	demonstration	6350574	sport	What sport does Günter Kutowski play?	association football
6454644	director	7	demonstration	1783579	producer	Who was the producer of Numb?	Brian Eno
6454644	director	8	demonstration	2490569	genre	What genre is Wired?	biographical film
1746952	director	1	base	3898794	sport	What sport does Deportivo San Pedro play?	association football
1746952	director	2	base	5782265	country	In what country is Wethersfield?	United States of America
1746952	director	3	base	601478	father	Who is the father of Joseph?	Jacob
1746952	director	4	base	652177	occupation	What is Michael Lynton's occupation?	chief executive officer
1746952	director	5	demonstration	1056000	place of birth	In what city was Izaskun Zubizarreta Gerendiain born?	Oiartzun
1746952	director	6	demonstration	4779546	color	What color is FC Internazionale Milano?	black
1746952	director	7	demonstration	263653	mother	Who is the mother of Thomas Jefferson?	Jane Randolph Jefferson
1746952	director	8	demonstration	974942	genre	What genre is At Sunset?	pop rock
3224343	director	1	base	1536329	sport	What sport does Tranmere Rovers F.C. play?	association football
3224343	director	2	base	3033691	color	What color is ruby?	red
3224343	director	3	base	1726487	mother	Who is the mother of Esau?	Rebecca
3224343	director	4	base	2731814	religion	What is the religion of Muhammad Ali?	Nation of Islam
3224343	director	5	demonstration	1163580	author	Who is the author of The Mind and Society?	Vilfredo Pareto
3224343	director	6	demonstration	5739845	genre	What genre is She?	fantasy film
3224343	director	7	demonstration	1788458	composer	Who was the composer of Piano Concerto No. 4?	Sergei Rachmaninoff
3224343	director	8	demonstration	2616414	father	Who is the father of Benazir Bhutto?	Zulfiqar Ali Bhutto
3629913	director	1	base	2139200	capital	What is the capital of Hungary?	Budapest
3629913	director	2	base	2442431	father	Who is the father of Pierre Guillaumat?	Adolphe Guillaumat
3629913	director	3	base	3008269	producer	Who was the producer of Envelope?	Kevin Spacey
3629913	director	4	base	857870	religion	What is the religion of Rama?	Hinduism
3629913	director	5	demonstration	1416925	color	What color is Manchester United F.C.?	red
3629913	director	6	demonstration	41331	author	Who is the author of Panic?	Jeff Abbott
3629913	director	7	demonstration	1632873	genre	What genre is Mario Kart: Super Circuit?	racing video game
3629913	director	8	demonstration	2561072	screenwriter	Who was the screenwriter for Patrick?	Everett De Roche
5547527	director	1	base	2634781	capital	What is the capital of Liechtenstein?	Vaduz
5547527	director	2	base	1416925	color	What color is Manchester United F.C.?	red
5547527	director	3	base	4886186	place of birth	In what city was Kristian Outinen born?	Copenhagen
5547527	director	4	base	4527834	composer	Who was the composer of I'm That Chick?	Mariah Carey
5547527	director	5	demonstration	1688359	occupation	What is René Bégin's occupation?	politician
5547527	director	6	demonstration	3782968	mother	Who is the mother of Jesus in Islam?	Mary in Islam
5547527	director	7	demonstration	1081666	author	Who is the author of Challenge?	H. C. McNeile
5547527	director	8	demonstration	2203037	religion	What is the religion of Jacob?	Judaism
5880253	director	1	base	1033301	genre	What genre is Inside?	horror film
5880253	director	2	base	3061474	capital	What is the capital of Tocantins?	Palmas
5880253	director	3	base	1192191	religion	What is the religion of Roman Republic?	ancient Roman religion
5880253	director	4	base	3960521	screenwriter	Who was the screenwriter for Ring?	Kōji Suzuki
5880253	director	5	demonstration	6080874	producer	Who was the producer of Unprecedented: The 2000 Presidential Election?	Robert Greenwald
5880253	director	6	demonstration	1782512	father	Who is the father of George Washington?	Augustine Washington
5880253	director	7	demonstration	969078	occupation	What is Andrew Trischitta's occupation?	actor
5880253	director	8	demonstration	736578	color	What color is A.C. Milan?	red
6038198	director	1	base	5079256	place of birth	In what city was Margaret Coit born?	Norwich
6038198	director	2	base	1456705	producer	Who was the producer of Tron: Legacy?	Steven Lisberger
6038198	director	3	base	1378543	color	What color is chalk?	white
6038198	director	4	base	1283560	mother	Who is the mother of Asher?	Zilpah
6038198	director	5	demonstration	1777990	father	Who is the father of Sybilla of Normandy?	Henry I of England
6038198	director	6	demonstration	5069469	composer	Who was the composer of Manmadhudu?	Devi Sri Prasad
6038198	director	7	demonstration	1167538	religion	What is the religion of Joseph Bambera?	Catholic Church
6038198	director	8	demonstration	4749534	occupation	What is Jonathan Le Billon's occupation?	actor
6043400	director	1	base	2965793	father	Who is the father of Demeter?	Cronus
6043400	director	2	base	6538916	genre	What genre is Alien Terminator?	action film
6043400	director	3	base	347090	sport	What sport does Didier Défago play?	alpine skiing
6043400	director	4	base	3033691	color	What color is ruby?	red
6043400	director	5	demonstration	978061	composer	Who was the composer of Yvonne, Prinzessin von Burgund?	Boris Blacher
6043400	director	6	demonstration	4420371	country	In what country is Christopher?	United States of America
6043400	director	7	demonstration	6546975	capital	What is the capital of Taylor?	Marion County
6043400	director	8	demonstration	4146112	mother	Who is the mother of Vajiralongkorn?	Sirikit
589999	father	1	base	398909	composer	Who was the composer of Super?	Sandeep Chowta
589999	father	2	base	2413157	religion	What is the religion of Caesar Baronius?	Catholic Church
589999	father	3	base	4109853	genre	What genre is Fire?	horror literature
589999	father	4	base	5310436	country	In what country is Northland Communications?	United States of America
589999	father	5	demonstration	5919684	author	Who is the author of The Crucifer of Blood?	Paul Giovanni
589999	father	6	demonstration	974262	sport	What sport does 1924–25 Arsenal F.C. season play?	association football
589999	father	7	demonstration	4559515	mother	Who is the mother of Afonso of Portugal?	Violante Manuel
589999	father	8	demonstration	164717	occupation	What is Giovanni Grasso's occupation?	actor
1553715	father	1	base	4541758	director	Who was the director of Like Crazy?	Drake Doremus
1553715	father	2	base	2024054	sport	What sport does Thiago Quirino play?	association football
1553715	father	3	base	6340616	color	What color is Atlético de Madrid?	red
1553715	father	4	base	6458425	genre	What genre is Timeless Records?	jazz
1553715	father	5	demonstration	818064	place of birth	In what city was Azharullah born?	Burewala
1553715	father	6	demonstration	105226	producer	Who was the producer of The Immigrant?	Charlie Chaplin
1553715	father	7	demonstration	3315030	screenwriter	Who was the screenwriter for Amok Time?	Theodore Sturgeon
1553715	father	8	demonstration	508249	country	In what country is The Goldfinch?	Netherlands
2107310	father	1	base	6302289	author	Who is the author of James Bond?	Ian Fleming
2107310	father	2	base	4185439	country	In what country is Riethnordhausen?	Germany
2107310	father	3	base	5246515	composer	Who was the composer of Nalla Thambi?	Ilaiyaraaja
2107310	father	4	base	5153011	sport	What sport does Michael Gibson play?	association football
2107310	father	5	demonstration	2961447	producer	Who was the producer of Look Around You?	Peter Serafinowicz
2107310	father	6	demonstration	5959354	genre	What genre is The Test?	short story
2107310	father	7	demonstration	2145751	screenwriter	Who was the screenwriter for One Night?	Lucas Belvaux
2107310	father	8	demonstration	386572	director	Who was the director of The Man Trap?	Marc Daniels
2724575	father	1	base	411147	producer	Who was the producer of Happy Gilmore?	Robert Simonds
2724575	father	2	base	2513644	occupation	What is Kekko Fornarelli's occupation?	composer
2724575	father	3	base	5773447	screenwriter	Who was the screenwriter for Skin?	Sarah Kane
2724575	father	4	base	1770365	place of birth	In what city was John XIX born?	Rome
2724575	father	5	demonstration	3483611	color	What color is Exeter City F.C.?	red
2724575	father	6	demonstration	3212853	country	In what country is Abra, Ivory Coast?	Ivory Coast
2724575	father	7	demonstration	6406570	capital	What is the capital of Cabañas Department?	Sensuntepeque
2724575	father	8	demonstration	957958	sport	What sport does Francisco Javier Lloret Martínez play?	association football
3763323	father	1	base	1004840	country	In what country is Sabiote?	Spain
3763323	father	2	base	4921831	religion	What is the religion of Regis University?	Catholic Church
3763323	father	3	base	5346272	genre	What genre is Operator?	post-grunge
3763323	father	4	base	3609881	composer	Who was the composer of The Fog?	John Carpenter
3763323	father	5	demonstration	950404	author	Who is the author of Bone?	Jeff Smith
3763323	father	6	demonstration	2045728	producer	Who was the producer of Source Code?	Mark Gordon
3763323	father	7	demonstration	1223107	capital	What is the capital of Khouribga Province?	Khouribga
3763323	father	8	demonstration	1546461	occupation	What is Mike Flanagan's occupation?	screenwriter
4735035	father	1	base	5482293	author	Who is the author of Power?	Nick Dear
4735035	father	2	base	2557830	religion	What is the religion of Colin James?	Anglicanism
4735035	father	3	base	1524983	color	What color is Carlisle United F.C.?	red
4735035	father	4	base	4558401	sport	What sport does Indonesia Education League play?	association football
4735035	father	5	demonstration	522653	screenwriter	Who was the screenwriter for Ex?	Fausto Brizzi
4735035	father	6	demonstration	2238655	mother	Who is the mother of Terry Fox?	Betty Fox
4735035	father	7	demonstration	5113889	director	Who was the director of Mata?	Guruprasad
4735035	father	8	demonstration	1026220	country	In what country is canton of Baugy?	France
4830853	father	1	base	4801270	screenwriter	Who was the screenwriter for Kailashey Kelenkari?	Satyajit Ray
4830853	father	2	base	5861183	author	Who is the author of Sweet Eros?	Terrence McNally
4830853	father	3	base	3904602	director	Who was the director of Det var paa Rundetaarn?	Poul Bang
4830853	father	4	base	455319	genre	What genre is Cover You?	J-pop
4830853	father	5	demonstration	4136000	country	In what country is Francis?	Canada
4830853	father	6	demonstration	5807710	occupation	What is Thomas R. Whitney's occupation?	politician
4830853	father	7	demonstration	5999251	capital	What is the capital of Cacheu Region?	Cacheu
4830853	father	8	demonstration	3483883	color	What color is Fleetwood Town F.C.?	red
817986	father	1	base	1212498	author	Who is the author of Q?	Luther Blissett
817986	father	2	base	5633238	mother	Who is the mother of Rosa Brooks?	Barbara Ehrenreich
817986	father	3	base	1231270	place of birth	In what city was Oi Va Voi born?	London
817986	father	4	base	1528049	color	What color is Doncaster Rovers F.C.?	red
817986	father	5	demonstration	5189956	director	Who was the director of The Dead?	John Huston
817986	father	6	demonstration	4097475	producer	Who was the producer of Jessica?	Jean Negulesco
817986	father	7	demonstration	7069	country	In what country is Füzérradvány?	Hungary
817986	father	8	demonstration	279858	genre	What genre is Space Battleship Yamato?	science fiction film
1350703	father	1	base	2081779	sport	What sport does Kaisa Varis play?	biathlon
1350703	father	2	base	442894	author	Who is the author of The Secret Life of Plants?	Peter Tompkins
1350703	father	3	base	3027994	composer	Who was the composer of The American President?	Marc Shaiman
1350703	father	4	base	5739856	screenwriter	Who was the screenwriter for She?	H. Rider Haggard
1350703	father	5	demonstration	6515626	mother	Who is the mother of Elizabeth II?	Queen Elizabeth The Queen Mother
1350703	father	6	demonstration	2454961	director	Who was the director of The Holes?	Pierre Tchernia
1350703	father	7	demonstration	1722345	genre	What genre is Zoo?	documentary film
1350703	father	8	demonstration	2434407	capital	What is the capital of Unity?	Bentiu
1360148	father	1	base	2655856	composer	Who was the composer of Stella Deus: The Gate of Eternity?	Hitoshi Sakimoto
1360148	father	2	base	5908270	genre	What genre is The Angel?	horror film
1360148	father	3	base	459924	religion	What is the religion of Innocent I?	Catholic Church
1360148	father	4	base	1035611	director	Who was the director of Stepping Out?	Charles Reisner
1360148	father	5	demonstration	1701001	country	In what country is Australian Labor Party?	Australia
1360148	father	6	demonstration	6049645	capital	What is the capital of Dominican Republic?	Santo Domingo
1360148	father	7	demonstration	274019	producer	Who was the producer of Profiles?	Rick Fenn
1360148	father	8	demonstration	4259606	author	Who is the author of Gold?	Isaac Asimov
2823622	father	1	base	2950925	capital	What is the capital of Serbia?	Belgrade
2823622	father	2	base	1881360	mother	Who is the mother of Todd McCaffrey?	Anne McCaffrey
2823622	father	3	base	2170272	country	In what country is Anjoma?	Madagascar
2823622	father	4	base	6258233	religion	What is the religion of Giacomo Biffi?	Catholic Church
2823622	father	5	demonstration	5554383	director	Who was the director of Regeneration?	Gillies MacKinnon
2823622	father	6	demonstration	3331448	sport	What sport does Andrew Tucker play?	association football
2823622	father	7	demonstration	5068264	screenwriter	Who was the screenwriter for Manhattan?	Adam Horowitz
2823622	father	8	demonstration	5936243	author	Who is the author of The Lagoon?	Joseph Conrad
4737627	father	1	base	9543	composer	Who was the composer of Bunny?	Tom Waits
4737627	father	2	base	3081622	mother	Who is the mother of Sean Penn?	Eileen Ryan
4737627	father	3	base	180937	director	Who was the director of My Own Private Idaho?	Gus Van Sant
4737627	father	4	base	2737157	place of birth	In what city was Antonio Calcagni born?	Recanati
4737627	father	5	demonstration	2939190	screenwriter	Who was the screenwriter for Three Wise Fools?	King Vidor
4737627	father	6	demonstration	3945648	sport	What sport does Rick Ley play?	ice hockey
4737627	father	7	demonstration	149716	occupation	What is Claudio Naranjo's occupation?	psychiatrist
4737627	father	8	demonstration	2579813	capital	What is the capital of Czechoslovakia?	Prague
5325745	father	1	base	2836657	author	Who is the author of The Queen's Nose?	Dick King-Smith
5325745	father	2	base	2258882	screenwriter	Who was the screenwriter for Boomerang?	Alain Delon
5325745	father	3	base	3821678	producer	Who was the producer of Da?	Julie Corman
5325745	father	4	base	329954	genre	What genre is Do Over?	comedy-drama
5325745	father	5	demonstration	1202978	country	In what country is canton of Marseille-La Pomme?	France
5325745	father	6	demonstration	1889250	capital	What is the capital of Pomorie Municipality?	Pomorie
5325745	father	7	demonstration	311244	composer	Who was the composer of Die Heimkehr aus der Fremde?	Felix Mendelssohn
5325745	father	8	demonstration	500004	place of birth	In what city was Esau Tjiuoro born?	Okakarara
5736293	father	1	base	564454	composer	Who was the composer of Think About You?	Izzy Stradlin
5736293	father	2	base	4999192	occupation	What is G.E.M.'s occupation?	singer-songwriter
5736293	father	3	base	441972	genre	What genre is Raphael Saadiq?	soul music
5736293	father	4	base	3580841	director	Who was the director of Brown Sugar?	Fred Paul
5736293	father	5	demonstration	5631335	mother	Who is the mother of Ronan Farrow?	Mia Farrow
5736293	father	6	demonstration	302199	capital	What is the capital of Deux-Nèthes?	Antwerp
5736293	father	7	demonstration	2342658	screenwriter	Who was the screenwriter for Chicago?	Nick Santora
5736293	father	8	demonstration	5533209	country	In what country is Ramon Magsaysay Technological University?	Philippines
556373	father	1	base	4779546	color	What color is FC Internazionale Milano?	black
556373	father	2	base	1352541	composer	Who was the composer of Abhinandanam?	Kannur Rajan
556373	father	3	base	1746468	country	In what country is Turin?	United States of America
556373	father	4	base	732467	religion	What is the religion of Northland International University?	Baptists
556373	father	5	demonstration	6402173	director	Who was the director of The Switch?	Josh Gordon
556373	father	6	demonstration	1535064	genre	What genre is Poison?	horror film
556373	father	7	demonstration	1567459	place of birth	In what city was Nina Dittrich born?	Vienna
556373	father	8	demonstration	1363357	sport	What sport does Grantham Town F.C. play?	association football
1672999	father	1	base	3483883	color	What color is Fleetwood Town F.C.?	red
1672999	father	2	base	1509169	capital	What is the capital of Manitoba?	Winnipeg
1672999	father	3	base	5623957	sport	What sport does Roland Repiský play?	association football
1672999	father	4	base	2567213	mother	Who is the mother of Bertrand Russell?	Katharine Russell, Viscountess Amberley
1672999	father	5	demonstration	3432143	producer	Who was the producer of Dream?	Kim Ki-duk
1672999	father	6	demonstration	1460181	director	Who was the director of Chicago?	Rob Marshall
1672999	father	7	demonstration	919450	genre	What genre is Ugonna Okegwo?	jazz
1672999	father	8	demonstration	1156615	author	Who is the author of Time Enough?	Damon Knight
2225857	father	1	base	3483611	color	What color is Exeter City F.C.?	red
2225857	father	2	base	619022	screenwriter	Who was the screenwriter for From Beyond?	Stuart Gordon
2225857	father	3	base	499104	producer	Who was the producer of Z?	Jacques Perrin
2225857	father	4	base	6075395	country	In what country is United States District Court for the District of South Carolina?	United States of America
2225857	father	5	demonstration	2848601	place of birth	In what city was Valdemar III of Denmark born?	Denmark
2225857	father	6	demonstration	3857993	author	Who is the author of Dave at Night?	Gail Carson Levine
2225857	father	7	demonstration	1942871	composer	Who was the composer of The Washington Post?	John Philip Sousa
2225857	father	8	demonstration	4321370	genre	What genre is Annales Bertiniani?	annals
2240375	father	1	base	4967885	author	Who is the author of Lincoln?	Gore Vidal
2240375	father	2	base	4782802	producer	Who was the producer of Blow?	Ted Demme
2240375	father	3	base	6310332	country	In what country is Billy?	France
2240375	father	4	base	6138181	religion	What is the religion of Walter Carey?	Anglicanism
2240375	father	5	demonstration	1528049	color	What color is Doncaster Rovers F.C.?	red
2240375	father	6	demonstration	1206927	sport	What sport does goalkeeper play?	field hockey
2240375	father	7	demonstration	3618189	genre	What genre is Ca-bau-kan?	romance film
2240375	father	8	demonstration	1292419	mother	Who is the mother of Eos?	Theia
2839774	father	1	base	975935	screenwriter	Who was the screenwriter for Drushyam?	Jeethu Joseph
2839774	father	2	base	5015208	sport	What sport does Nicolás Martínez play?	association football
2839774	father	3	base	3483883	color	What color is Fleetwood Town F.C.?	red
2839774	father	4	base	357926	capital	What is the capital of Emilia-Romagna?	Bologna
2839774	father	5	demonstration	5909525	author	Who is the author of The Baby Squad?	Andrew Neiderman
2839774	father	6	demonstration	2996652	place of birth	In what city was Serhiy Zayets born?	Berdychiv
2839774	father	7	demonstration	6407072	composer	Who was the composer of Jérusalem?	Giuseppe Verdi
2839774	father	8	demonstration	391808	producer	Who was the producer of Junior?	Ivan Reitman
3114331	father	1	base	3705753	author	Who is the author of Chelsea on the Edge?	Davi Napoleon
3114331	father	2	base	607803	capital	What is the capital of Commonwealth of the Philippines?	Manila
3114331	father	3	base	156146	composer	Who was the composer of College?	Claudio Simonetti
3114331	father	4	base	3392802	producer	Who was the producer of Ashes & Fire?	Glyn Johns
3114331	father	5	demonstration	700197	mother	Who is the mother of Wenceslaus IV of Bohemia?	Anna von Schweidnitz
3114331	father	6	demonstration	1524983	color	What color is Carlisle United F.C.?	red
3114331	father	7	demonstration	6329418	screenwriter	Who was the screenwriter for Glory?	Kevin Jarre
3114331	father	8	demonstration	4955085	genre	What genre is Let It Be You?	country music
4117727	father	1	base	2777708	genre	What genre is Suits?	legal drama
4117727	father	2	base	2006136	religion	What is the religion of Muhammad Qutb?	Sunni Islam
4117727	father	3	base	2150438	sport	What sport does Adam Bennett play?	ice hockey
4117727	father	4	base	2264981	mother	Who is the mother of Cornelia Otis Skinner?	Maud Durbin
4117727	father	5	demonstration	3198952	author	Who is the author of A New Trick to Cheat the Devil?	Robert Davenport
4117727	father	6	demonstration	2424587	screenwriter	Who was the screenwriter for The Terminal?	Sacha Gervasi
4117727	father	7	demonstration	1862353	occupation	What is Yuki Kaida's occupation?	seiyū
4117727	father	8	demonstration	150546	capital	What is the capital of Gênes?	Genoa
266419	genre	1	base	5436280	place of birth	In what city was Petros Tabouris born?	Athens
266419	genre	2	base	828956	sport	What sport does Archie Needham play?	association football
266419	genre	3	base	307720	screenwriter	Who was the screenwriter for Our Relations?	Stan Laurel
266419	genre	4	base	1398877	composer	Who was the composer of Ghost?	Hossein Shahabi
266419	genre	5	demonstration	3061472	country	In what country is Tocantins?	Brazil
266419	genre	6	demonstration	1592682	mother	Who is the mother of Margaret I of Denmark?	Helvig of Schleswig
266419	genre	7	demonstration	4979826	father	Who is the father of Vimolnaka Nabisi?	Chulalongkorn
266419	genre	8	demonstration	1810004	religion	What is the religion of Lord's Prayer?	Christianity
1780291	genre	1	base	6414109	producer	Who was the producer of Persuasion?	BBC
1780291	genre	2	base	1931065	screenwriter	Who was the screenwriter for Brazil?	Terry Gilliam
1780291	genre	3	base	6220880	occupation	What is Ya'akov Ahimeir's occupation?	journalist
1780291	genre	4	base	2970166	composer	Who was the composer of Airport?	Alfred Newman
1780291	genre	5	demonstration	5353911	religion	What is the religion of Carlos Duarte Costa?	Brazilian Catholic Apostolic Church
1780291	genre	6	demonstration	3776549	author	Who is the author of Conan the Valiant?	Roland J. Green
1780291	genre	7	demonstration	6159486	father	Who is the father of Isis?	Geb
1780291	genre	8	demonstration	2708680	mother	Who is the mother of Wheeler Dryden?	Hannah Chaplin
1873377	genre	1	base	2940564	father	Who is the father of Ahimelech?	Ahitub
1873377	genre	2	base	420208	country	In what country is Archipelago Museum?	Finland
1873377	genre	3	base	6340616	color	What color is Atlético de Madrid?	red
1873377	genre	4	base	5566399	author	Who is the author of Timeline?	Michael Crichton
1873377	genre	5	demonstration	2085704	director	Who was the director of The King and I?	Walter Lang
1873377	genre	6	demonstration	5246515	composer	Who was the composer of Nalla Thambi?	Ilaiyaraaja
1873377	genre	7	demonstration	5149642	producer	Who was the producer of Michael?	Anurag Kashyap
1873377	genre	8	demonstration	2728241	sport	What sport does Adam Henley play?	association football
4042471	genre	1	base	1528049	color	What color is Doncaster Rovers F.C.?	red
4042471	genre	2	base	6359560	capital	What is the capital of South Korea?	Seoul
4042471	genre	3	base	5906228	composer	Who was the composer of That Was Then?	David Was
4042471	genre	4	base	2672289	producer	Who was the producer of The Brat?	Alla Nazimova
4042471	genre	5	demonstration	3397298	religion	What is the religion of Assumption College for Sisters?	Catholic Church
4042471	genre	6	demonstration	1419351	country	In what country is Movraž?	Slovenia
4042471	genre	7	demonstration	2144501	author	Who is the author of Game Over?	David Sheff
4042471	genre	8	demonstration	2481597	father	Who is the father of Sean Flynn?	Errol Flynn
4329994	genre	1	base	1632004	place of birth	In what city was Amoene van Haersolte born?	Utrecht
4329994	genre	2	base	3248200	director	Who was the director of Akashdeep?	Phani Majumdar
4329994	genre	3	base	1706241	religion	What is the religion of L. Ron Hubbard?	Scientology
4329994	genre	4	base	5921512	screenwriter	Who was the screenwriter for The Detail?	Ed Burns
4329994	genre	5	demonstration	6340057	sport	What sport does Daniel Manzato play?	ice hockey
4329994	genre	6	demonstration	5690234	author	Who is the author of NOiSE?	Tsutomu Nihei
4329994	genre	7	demonstration	2042431	producer	Who was the producer of The Trip?	Roger Corman
4329994	genre	8	demonstration	1444653	country	In what country is Lind?	United States of America
4996928	genre	1	base	3782968	mother	Who is the mother of Jesus in Islam?	Mary in Islam
4996928	genre	2	base	40640	author	Who is the author of Canto General?	Pablo Neruda
4996928	genre	3	base	2513496	capital	What is the capital of Merthyr Tydfil County Borough?	Merthyr Tydfil
4996928	genre	4	base	6302842	screenwriter	Who was the screenwriter for U Turn?	John Ridley
4996928	genre	5	demonstration	3664419	composer	Who was the composer of Celebration?	Harvey Schmidt
4996928	genre	6	demonstration	2374351	place of birth	In what city was Sue Vertue born?	Surrey
4996928	genre	7	demonstration	774682	producer	Who was the producer of Back to Black?	Salaam Remi
4996928	genre	8	demonstration	2658183	country	In what country is Cambridge?	United Kingdom
5899136	genre	1	base	1021937	religion	What is the religion of Saint Patrick?	Celtic Christianity
5899136	genre	2	base	3483883	color	What color is Fleetwood Town F.C.?	red
5899136	genre	3	base	6522040	director	Who was the director of Stick?	Burt Reynolds
5899136	genre	4	base	1110634	author	Who is the author of Regeneration?	H. Rider Haggard
5899136	genre	5	demonstration	2564408	producer	Who was the producer of That's My Boy?	Roy William Neill
5899136	genre	6	demonstration	4745741	screenwriter	Who was the screenwriter for Join the Club?	David Chase
5899136	genre	7	demonstration	5032330	occupation	What is Ludwig Lichtschein's occupation?	rabbi
5899136	genre	8	demonstration	1390922	father	Who is the father of Charites?	Zeus
74884	genre	1	base	1837093	director	Who was the director of Never Forget?	Joseph Sargent
74884	genre	2	base	1430021	country	In what country is Ločenice?	Czech Republic
74884	genre	3	base	4143981	sport	What sport does Frank Cornan play?	association football
74884	genre	4	base	1528049	color	What color is Doncaster Rovers F.C.?	red
74884	genre	5	demonstration	5951434	producer	Who was the producer of The Return?	Greydon Clark
74884	genre	6	demonstration	2007997	father	Who is the father of Qasim ibn Muhammad ibn Abi Bakr?	Muhammad ibn Abi Bakr
74884	genre	7	demonstration	3022356	mother	Who is the mother of Cassandra Cain?	Lady Shiva
74884	genre	8	demonstration	3024446	religion	What is the religion of Gregory I?	Christianity
1896592	genre	1	base	6270618	religion	What is the religion of Joseph Schubert?	Catholic Church
1896592	genre	2	base	395299	sport	What sport does Noy Castillo play?	basketball
1896592	genre	3	base	1469771	country	In what country is Francis?	Canada
1896592	genre	4	base	3483611	color	What color is Exeter City F.C.?	red
1896592	genre	5	demonstration	5578163	producer	Who was the producer of Kill?	Erik Rutan
1896592	genre	6	demonstration	2695965	author	Who is the author of History?	Isaac Asimov
1896592	genre	7	demonstration	1401999	father	Who is the father of Arjuna?	Indra
1896592	genre	8	demonstration	4011907	mother	Who is the mother of Margaret of Scotland, Countess of Kent?	Ermengarde de Beaumont
2141622	genre	1	base	1378543	color	What color is chalk?	white
2141622	genre	2	base	5892840	director	Who was the director of Upside Down?	Juan Diego Solanas
2141622	genre	3	base	3170519	religion	What is the religion of Marilyn Monroe?	Judaism
2141622	genre	4	base	4532655	capital	What is the capital of arrondissement of Limoges?	Limoges
2141622	genre	5	demonstration	13849	composer	Who was the composer of Pocket?	Ai Otsuka
2141622	genre	6	demonstration	1389326	screenwriter	Who was the screenwriter for Midnight?	Charles Brackett
2141622	genre	7	demonstration	2536013	occupation	What is Lord George Hamilton's occupation?	politician
2141622	genre	8	demonstration	1673320	producer	Who was the producer of Closer?	Mike Nichols
2913344	genre	1	base	4729181	religion	What is the religion of John Orr?	Anglicanism
2913344	genre	2	base	3636894	capital	What is the capital of Rabun County?	Clayton
2913344	genre	3	base	976488	director	Who was the director of A Boy... a Girl?	John Derek
2913344	genre	4	base	3391136	country	In what country is Asahi Station?	Japan
2913344	genre	5	demonstration	2670095	screenwriter	Who was the screenwriter for Tears?	Im Sang-soo
2913344	genre	6	demonstration	4086846	author	Who is the author of Fade?	Robert Cormier
2913344	genre	7	demonstration	4251288	occupation	What is Glenn Albrecht's occupation?	philosopher
2913344	genre	8	demonstration	2997158	composer	Who was the composer of The Castle?	Sergey Kuryokhin
5798162	genre	1	base	410908	father	Who is the father of Huw Edwards?	Hywel Teifi Edwards
5798162	genre	2	base	1981148	capital	What is the capital of South Africa?	Bloemfontein
5798162	genre	3	base	303814	mother	Who is the mother of Hou Ji?	Jiang Yuan
5798162	genre	4	base	3613977	place of birth	In what city was Tuomo Suomalainen born?	Gogland
5798162	genre	5	demonstration	1286040	composer	Who was the composer of Rebecca?	Sylvester Levay
5798162	genre	6	demonstration	1416925	color	What color is Manchester United F.C.?	red
5798162	genre	7	demonstration	683437	religion	What is the religion of Gerald Frederick Kicanas?	Catholic Church
5798162	genre	8	demonstration	3773578	author	Who is the author of Common Ground?	J. Anthony Lukas
6231364	genre	1	base	6340616	color	What color is Atlético de Madrid?	red
6231364	genre	2	base	387512	father	Who is the father of Lee Baxter?	Stuart Baxter
6231364	genre	3	base	5334136	sport	What sport does Oleg Imrekov play?	association football
6231364	genre	4	base	1146607	capital	What is the capital of Guadeloupe?	Basse-Terre
6231364	genre	5	demonstration	5576709	occupation	What is Richard Lui's occupation?	journalist
6231364	genre	6	demonstration	1031049	producer	Who was the producer of David?	Vikram
6231364	genre	7	demonstration	285721	director	Who was the director of The Myth?	Stanley Tong
6231364	genre	8	demonstration	756863	country	In what country is IDEA?	Slovakia
6270204	genre	1	base	1560154	director	Who was the director of Secrets?	Frank Borzage
6270204	genre	2	base	1476158	composer	Who was the composer of Memory?	Andrew Lloyd Webber
6270204	genre	3	base	1247200	screenwriter	Who was the screenwriter for The Rose?	Bo Goldman
6270204	genre	4	base	1319275	father	Who is the father of Carl Valentin Falsen?	Enevold De Falsen
6270204	genre	5	demonstration	707302	occupation	What is Graham Collier's occupation?	composer
6270204	genre	6	demonstration	4591465	place of birth	In what city was Izumi Iimura born?	Japan
6270204	genre	7	demonstration	4783073	country	In what country is Roybon?	France
6270204	genre	8	demonstration	6310330	sport	What sport does Club Libertad play?	association football
657288	genre	1	base	6340616	color	What color is Atlético de Madrid?	red
657288	genre	2	base	2443138	author	Who is the author of The Task?	William Cowper
657288	genre	3	base	485365	director	Who was the director of Go Now?	Michael Winterbottom
657288	genre	4	base	130446	screenwriter	Who was the screenwriter for In the Flesh?	Nick Sagan
657288	genre	5	demonstration	2245901	father	Who is the father of Afonso II of Portugal?	Sancho I of Portugal
657288	genre	6	demonstration	1202713	capital	What is the capital of Kingdom of Italy?	Florence
657288	genre	7	demonstration	5310436	country	In what country is Northland Communications?	United States of America
657288	genre	8	demonstration	3285260	place of birth	In what city was Alfred Frank Hardiman born?	London
1289515	genre	1	base	1826568	capital	What is the capital of Montenegro?	Podgorica
1289515	genre	2	base	1092672	mother	Who is the mother of Paula Weinstein?	Hannah Weinstein
1289515	genre	3	base	4763253	sport	What sport does Josh Vanlandingham play?	basketball
1289515	genre	4	base	1475320	country	In what country is Whited Township?	United States of America
1289515	genre	5	demonstration	4010675	father	Who is the father of Grand Duke Nicholas Mikhailovich of Russia?	Grand Duke Michael Nikolaevich of Russia
1289515	genre	6	demonstration	6045345	screenwriter	Who was the screenwriter for The Incident?	Damon Lindelof
1289515	genre	7	demonstration	4725190	occupation	What is John Mayne's occupation?	journalist
1289515	genre	8	demonstration	2145986	director	Who was the director of 4:30?	Royston Tan
1363172	genre	1	base	2697463	color	What color is White House?	white
1363172	genre	2	base	5521585	mother	Who is the mother of Emperor He of Han?	Consort Liang
1363172	genre	3	base	1001002	author	Who is the author of Little Children?	Tom Perrotta
1363172	genre	4	base	1292513	country	In what country is Mato Castelhano?	Brazil
1363172	genre	5	demonstration	5240463	screenwriter	Who was the screenwriter for The Mist?	Stephen King
1363172	genre	6	demonstration	1040220	place of birth	In what city was Dakota Collins born?	Santa Barbara
1363172	genre	7	demonstration	456821	producer	Who was the producer of White Nights?	Taylor Hackford
1363172	genre	8	demonstration	2658151	capital	What is the capital of Denmark?	Copenhagen
1679714	genre	1	base	2074179	screenwriter	Who was the screenwriter for The Broken?	Sean Ellis
1679714	genre	2	base	5375427	occupation	What is Pamela Winslow's occupation?	actor
1679714	genre	3	base	6532978	father	Who is the father of Pierre Joxe?	Louis Joxe
1679714	genre	4	base	5423736	place of birth	In what city was Pete Donohue born?	Athens
1679714	genre	5	demonstration	3212612	composer	Who was the composer of The Fog of War?	Philip Glass
1679714	genre	6	demonstration	2748925	sport	What sport does Bob Priddy play?	basketball
1679714	genre	7	demonstration	5185183	author	Who is the author of Hacker News?	Paul Graham
1679714	genre	8	demonstration	2950154	religion	What is the religion of University of Evansville?	United Methodist Church
2568892	genre	1	base	4577192	capital	What is the capital of Southwest?	Buea
2568892	genre	2	base	1982916	father	Who is the father of Willie Geist?	Bill Geist
2568892	genre	3	base	1551931	religion	What is the religion of Enchin?	Buddhism
2568892	genre	4	base	2536750	author	Who is the author of Nature?	Ralph Waldo Emerson
2568892	genre	5	demonstration	2384728	occupation	What is Jason Reitman's occupation?	film director
2568892	genre	6	demonstration	1360393	place of birth	In what city was Yinka Ayenuwa born?	Warri
2568892	genre	7	demonstration	830263	color	What color is flag of Zimbabwe?	red
2568892	genre	8	demonstration	2961447	producer	Who was the producer of Look Around You?	Peter Serafinowicz
3677562	genre	1	base	306840	capital	What is the capital of South Dakota?	Pierre
3677562	genre	2	base	470732	producer	Who was the producer of Let It Be?	The Beatles
3677562	genre	3	base	4288607	father	Who is the father of Griffin O'Neal?	Ryan O'Neal
3677562	genre	4	base	3087446	composer	Who was the composer of Captain EO?	James Horner
3677562	genre	5	demonstration	3486328	color	What color is York City F.C.?	red
3677562	genre	6	demonstration	4586694	country	In what country is Ittamalliyagoda?	Sri Lanka
3677562	genre	7	demonstration	1904708	director	Who was the director of A Hole in the Head?	Frank Capra
3677562	genre	8	demonstration	2264981	mother	Who is the mother of Cornelia Otis Skinner?	Maud Durbin
6399551	genre	1	base	5364913	occupation	What is P. J. Moloney's occupation?	politician
6399551	genre	2	base	1689521	mother	Who is the mother of Samson?	Wife of Manoah
6399551	genre	3	base	1791448	author	Who is the author of Home?	Octave Mirbeau
6399551	genre	4	base	1076870	place of birth	In what city was Jean-Georges Lefranc de Pompignan born?	Montauban
6399551	genre	5	demonstration	601728	producer	Who was the producer of Fundamental?	Trevor Horn
6399551	genre	6	demonstration	1251079	sport	What sport does 1952 NFL season play?	American football
6399551	genre	7	demonstration	2985468	father	Who is the father of David?	Isaí
6399551	genre	8	demonstration	5974562	religion	What is the religion of Thomas Aquinas College?	Catholic Church
214233	mother	1	base	1522534	director	Who was the director of The Heart?	Kon Ichikawa
214233	mother	2	base	4576897	father	Who is the father of Frederick IV, Elector Palatine?	Louis VI
214233	mother	3	base	1229624	country	In what country is Warner?	Canada
214233	mother	4	base	3677958	screenwriter	Who was the screenwriter for Champion?	Rabi Kinagi
214233	mother	5	demonstration	5314796	genre	What genre is Now I Know?	young adult literature
214233	mother	6	demonstration	4669357	place of birth	In what city was Francisco Fernández de la Cueva, 10th Duke of Alburquerque born?	Genoa
214233	mother	7	demonstration	548217	author	Who is the author of The Birthday?	Kōji Suzuki
214233	mother	8	demonstration	3450708	capital	What is the capital of Massac County?	Metropolis
3330110	mother	1	base	1975786	director	Who was the director of Tickets?	Ermanno Olmi
3330110	mother	2	base	2985450	religion	What is the religion of David?	Judaism
3330110	mother	3	base	1558376	composer	Who was the composer of This Love?	Jesse Carmichael
3330110	mother	4	base	3199187	author	Who is the author of A Peep into the Past?	Max Beerbohm
3330110	mother	5	demonstration	4058884	genre	What genre is Escape?	crime film
3330110	mother	6	demonstration	5901293	country	In what country is Tervola Radio and TV-Mast?	Finland
3330110	mother	7	demonstration	1230846	sport	What sport does Mai Van Hoa play?	table tennis
3330110	mother	8	demonstration	1519345	producer	Who was the producer of 31?	Rob Zombie
3349080	mother	1	base	1378543	color	What color is chalk?	white
3349080	mother	2	base	1506440	country	In what country is Adams?	United States of America
3349080	mother	3	base	4740504	religion	What is the religion of Grand Duchy of Finland?	Evangelical Lutheran Church of Finland
3349080	mother	4	base	1607405	genre	What genre is Rush?	progressive rock
3349080	mother	5	demonstration	6205226	director	Who was the director of Wings of Destiny?	Rupert Kathner
3349080	mother	6	demonstration	5911948	screenwriter	Who was the screenwriter for The Big Road?	Sun Yu
3349080	mother	7	demonstration	4607473	father	Who is the father of Bal Thackeray?	Prabodhankar Thackeray
3349080	mother	8	demonstration	6355702	occupation	What is Enos Thompson Throop's occupation?	diplomat
3851832	mother	1	base	4795090	screenwriter	Who was the screenwriter for A Night to Remember?	Eric Ambler
3851832	mother	2	base	5154012	occupation	What is Richard Franck's occupation?	composer
3851832	mother	3	base	704266	director	Who was the director of 99?	Michael Curtiz
3851832	mother	4	base	5549934	author	Who is the author of Recursion?	Tony Ballantyne
3851832	mother	5	demonstration	373418	sport	What sport does Olympique Lyonnais Féminin play?	association football
3851832	mother	6	demonstration	1524983	color	What color is Carlisle United F.C.?	red
3851832	mother	7	demonstration	1388910	capital	What is the capital of Belarus?	Minsk
3851832	mother	8	demonstration	2346730	place of birth	In what city was Germaine Aussey born?	Paris
5375245	mother	1	base	2227098	sport	What sport does Buffalo Memorial Auditorium play?	basketball
5375245	mother	2	base	3149447	author	Who is the author of 1982?	Jian Ghomeshi
5375245	mother	3	base	1808767	composer	Who was the composer of You Shook Me All Night Long?	Angus Young
5375245	mother	4	base	5911887	screenwriter	Who was the screenwriter for The Big One?	Chip Johannessen
5375245	mother	5	demonstration	3638860	genre	What genre is Ross the Boss?	heavy metal
5375245	mother	6	demonstration	4076535	producer	Who was the producer of Evergreen?	Michael Balcon
5375245	mother	7	demonstration	2342696	director	Who was the director of Genesis?	Mrinal Sen
5375245	mother	8	demonstration	1323570	place of birth	In what city was Ko Wen-je born?	Hsinchu
6366281	mother	1	base	3572495	producer	Who was the producer of Click?	Adam Sandler
6366281	mother	2	base	5912329	author	Who is the author of The Birds?	Daphne du Maurier
6366281	mother	3	base	3020712	composer	Who was the composer of Easy Money?	Laurence Rosenthal
6366281	mother	4	base	2043035	director	Who was the director of The Betrayed?	Frans Weisz
6366281	mother	5	demonstration	2702545	genre	What genre is Mark Feldman?	jazz
6366281	mother	6	demonstration	1974597	place of birth	In what city was Louis François Antoine Arbogast born?	Mutzig
6366281	mother	7	demonstration	2697463	color	What color is White House?	white
6366281	mother	8	demonstration	1281188	father	Who is the father of Aonghus mac Somhairle?	Somerled
212862	mother	1	base	1714799	country	In what country is Neodesha?	United States of America
212862	mother	2	base	5997149	author	Who is the author of Timeless?	Gail Carriger
212862	mother	3	base	2245901	father	Who is the father of Afonso II of Portugal?	Sancho I of Portugal
212862	mother	4	base	1409535	screenwriter	Who was the screenwriter for The Shining?	Stanley Kubrick
212862	mother	5	demonstration	3524516	color	What color is flag of Colorado?	red
212862	mother	6	demonstration	2688331	composer	Who was the composer of Adelaide?	Ludwig van Beethoven
212862	mother	7	demonstration	285248	occupation	What is Eckart von Hirschhausen's occupation?	physician
212862	mother	8	demonstration	5944707	director	Who was the director of The Night Riders?	Alexander Butler
727557	mother	1	base	5720751	screenwriter	Who was the screenwriter for Serenity?	Joss Whedon
727557	mother	2	base	126299	sport	What sport does 2010 Veikkausliiga play?	association football
727557	mother	3	base	1501745	producer	Who was the producer of Electronic?	Johnny Marr
727557	mother	4	base	2910139	author	Who is the author of Private?	James Patterson
727557	mother	5	demonstration	5312652	genre	What genre is Notch?	reggae
727557	mother	6	demonstration	3033691	color	What color is ruby?	red
727557	mother	7	demonstration	3310098	occupation	What is Ameer Sultan's occupation?	film director
727557	mother	8	demonstration	3433759	country	In what country is Baker?	United States of America
1800655	mother	1	base	6363362	father	Who is the father of Mohammad Ali Khan?	Karim Khan
1800655	mother	2	base	5907483	director	Who was the director of The Affair?	Carl Colpaert
1800655	mother	3	base	5495431	genre	What genre is Prototype?	science fiction film
1800655	mother	4	base	3250096	country	In what country is Akshara School?	India
1800655	mother	5	demonstration	3313670	composer	Who was the composer of Iris?	Pietro Mascagni
1800655	mother	6	demonstration	999841	religion	What is the religion of John J. Myers?	Catholic Church
1800655	mother	7	demonstration	53424	producer	Who was the producer of The Message?	Chen Kuo-Fu
1800655	mother	8	demonstration	2789480	screenwriter	Who was the screenwriter for Eddie Presley?	Duane Whitaker
1820483	mother	1	base	610091	producer	Who was the producer of Sleep?	Andy Warhol
1820483	mother	2	base	2772705	director	Who was the director of Mann?	Indra Kumar
1820483	mother	3	base	917458	occupation	What is Bill Kintner's occupation?	politician
1820483	mother	4	base	3738260	sport	What sport does Noëlle van Lottum play?	tennis
1820483	mother	5	demonstration	3106384	place of birth	In what city was Charles Hyder born?	Albuquerque
1820483	mother	6	demonstration	5330454	country	In what country is Okunakayama-Kōgen Station?	Japan
1820483	mother	7	demonstration	3093191	religion	What is the religion of Franciszek Rogaczewski?	Catholic Church
1820483	mother	8	demonstration	5953928	screenwriter	Who was the screenwriter for The Second Coming?	Terence Winter
2342806	mother	1	base	6404382	country	In what country is Greek?	United Kingdom
2342806	mother	2	base	2819141	sport	What sport does Giorgio Venturin play?	association football
2342806	mother	3	base	298137	producer	Who was the producer of Happy Together?	Wong Kar-wai
2342806	mother	4	base	6464291	religion	What is the religion of Mahavira?	Jainism
2342806	mother	5	demonstration	2153421	screenwriter	Who was the screenwriter for Northeast?	Juan Diego Solanas
2342806	mother	6	demonstration	4185360	composer	Who was the composer of Game?	Joshua Sridhar
2342806	mother	7	demonstration	3483611	color	What color is Exeter City F.C.?	red
2342806	mother	8	demonstration	1609532	place of birth	In what city was Gérard Fromanger born?	Jouars-Pontchartrain
5125563	mother	1	base	3836996	religion	What is the religion of Ali Ibn Ibrahim Qomi?	Shia Islam
5125563	mother	2	base	442894	author	Who is the author of The Secret Life of Plants?	Peter Tompkins
5125563	mother	3	base	5141438	producer	Who was the producer of Men and Women?	Walter Hugo Khouri
5125563	mother	4	base	5970600	genre	What genre is These Days?	alternative rock
5125563	mother	5	demonstration	4783073	country	In what country is Roybon?	France
5125563	mother	6	demonstration	2260300	place of birth	In what city was Edward Drinker Cope born?	Philadelphia
5125563	mother	7	demonstration	3579115	father	Who is the father of Brooke Hayward?	Leland Hayward
5125563	mother	8	demonstration	4869744	composer	Who was the composer of Time?	Roger Waters
293869	mother	1	base	1565801	religion	What is the religion of Nikola Eterović?	Catholic Church
293869	mother	2	base	5866070	composer	Who was the composer of Symphony No. 8?	Einojuhani Rautavaara
293869	mother	3	base	5937854	producer	Who was the producer of The Lie?	Independent Moving Pictures
293869	mother	4	base	2260298	occupation	What is Edward Drinker Cope's occupation?	geologist
293869	mother	5	demonstration	2229505	genre	What genre is Sarah Cracknell?	pop music
293869	mother	6	demonstration	492733	director	Who was the director of Detective?	Jeethu Joseph
293869	mother	7	demonstration	3878729	country	In what country is Day?	United States of America
293869	mother	8	demonstration	1705692	father	Who is the father of David I of Scotland?	Malcolm III of Scotland
1637716	mother	1	base	3397298	religion	What is the religion of Assumption College for Sisters?	Catholic Church
1637716	mother	2	base	1701001	country	In what country is Australian Labor Party?	Australia
1637716	mother	3	base	3432680	sport	What sport does Anderson play?	association football
1637716	mother	4	base	5383283	occupation	What is Paris's occupation?	actor
1637716	mother	5	demonstration	3483611	color	What color is Exeter City F.C.?	red
1637716	mother	6	demonstration	2183191	director	Who was the director of The inn?	Jerzy Kawalerowicz
1637716	mother	7	demonstration	1802180	capital	What is the capital of Kent?	Maidstone
1637716	mother	8	demonstration	5050817	genre	What genre is Made for Each Other?	romantic comedy
1809868	mother	1	base	4182134	country	In what country is Gaffarlı?	Turkey
1809868	mother	2	base	919450	genre	What genre is Ugonna Okegwo?	jazz
1809868	mother	3	base	3038698	capital	What is the capital of Rondônia?	Porto Velho
1809868	mother	4	base	2886182	screenwriter	Who was the screenwriter for In Your Hands?	Peter Del Monte
1809868	mother	5	demonstration	3346583	author	Who is the author of Anne Boleyn?	Howard Brenton
1809868	mother	6	demonstration	4232291	religion	What is the religion of Kingdom of Jerusalem?	Catholic Church
1809868	mother	7	demonstration	288201	producer	Who was the producer of The Car?	Elliot Silverstein
1809868	mother	8	demonstration	1881398	occupation	What is Todd Verow's occupation?	cinematographer
5846736	mother	1	base	1524983	color	What color is Carlisle United F.C.?	red
5846736	mother	2	base	5342026	composer	Who was the composer of One?	Michel van der Aa
5846736	mother	3	base	362561	director	Who was the director of Brave?	Steve Purcell
5846736	mother	4	base	5803209	father	Who is the father of Spiros Niarchos?	Stavros Niarchos
5846736	mother	5	demonstration	3825824	place of birth	In what city was Dale Polley born?	Georgetown
5846736	mother	6	demonstration	5546992	genre	What genre is Love Story?	romance film
5846736	mother	7	demonstration	2043873	sport	What sport does Wembley Lions play?	motorcycle speedway
5846736	mother	8	demonstration	3931528	occupation	What is Dominick Bellizzi's occupation?	jockey
6284015	mother	1	base	1038213	producer	Who was the producer of Into the Sun?	Steven Seagal
6284015	mother	2	base	5278055	author	Who is the author of New Keywords?	Tony Bennett
6284015	mother	3	base	5505652	screenwriter	Who was the screenwriter for Taxi?	Luc Besson
6284015	mother	4	base	6405800	genre	What genre is Stand Up?	progressive rock
6284015	mother	5	demonstration	6493916	country	In what country is Ava?	United States of America
6284015	mother	6	demonstration	290380	composer	Who was the composer of So Fine?	Ennio Morricone
6284015	mother	7	demonstration	1507294	color	What color is Charlton Athletic F.C.?	red
6284015	mother	8	demonstration	4996780	place of birth	In what city was Léopold Robert born?	La Chaux-de-Fonds
6467349	mother	1	base	4443970	producer	Who was the producer of Little Man?	Marlon Wayans
6467349	mother	2	base	2203041	father	Who is the father of Jacob?	Isaac
6467349	mother	3	base	4976789	screenwriter	Who was the screenwriter for The Stuff?	Larry Cohen
6467349	mother	4	base	3659052	religion	What is the religion of Catholic Theological Union?	Catholic Church
6467349	mother	5	demonstration	110533	genre	What genre is I'll Be There?	pop music
6467349	mother	6	demonstration	3580777	sport	What sport does Yoo Yong-sung play?	badminton
6467349	mother	7	demonstration	5589443	author	Who is the author of Rivals?	Jilly Cooper
6467349	mother	8	demonstration	2264366	place of birth	In what city was Cooper Smeaton born?	Carleton Place
836769	occupation	1	base	1516465	author	Who is the author of Business is business?	Octave Mirbeau
836769	occupation	2	base	583085	producer	Who was the producer of Three Coins in the Fountain?	Rossano Brazzi
836769	occupation	3	base	4688630	sport	What sport does Joe Bretto play?	ice hockey
836769	occupation	4	base	2714697	screenwriter	Who was the screenwriter for Frida?	Gregory Nava
836769	occupation	5	demonstration	3379536	composer	Who was the composer of Around the World?	Cole Porter
836769	occupation	6	demonstration	3503201	place of birth	In what city was Bill Fellowes born?	Bradford
836769	occupation	7	demonstration	977135	director	Who was the director of Julie?	Poornima Indrajith
836769	occupation	8	demonstration	1378543	color	What color is chalk?	white
841679	occupation	1	base	1574928	sport	What sport does Petr Bříza play?	ice hockey
841679	occupation	2	base	3773632	author	Who is the author of Common Sense?	Tony Benn
841679	occupation	3	base	4012395	country	In what country is New England?	Australia
841679	occupation	4	base	3423132	religion	What is the religion of David Livingstone?	congregational church
841679	occupation	5	demonstration	6304404	genre	What genre is Infinite?	power metal
841679	occupation	6	demonstration	1823769	mother	Who is the mother of Alice of France?	Eleanor of Aquitaine
841679	occupation	7	demonstration	976227	director	Who was the director of Back in the Day?	Michael Rosenbaum
841679	occupation	8	demonstration	6310719	composer	Who was the composer of Bibbidi-Bobbidi-Boo?	Al Hoffman
843797	occupation	1	base	102644	screenwriter	Who was the screenwriter for Hell's Angels?	Howard Estabrook
843797	occupation	2	base	6228582	father	Who is the father of Yoko Yazawa?	Eikichi Yazawa
843797	occupation	3	base	2049458	author	Who is the author of Catullus 85?	Catullus
843797	occupation	4	base	470734	composer	Who was the composer of Let It Be?	John Lennon
843797	occupation	5	demonstration	2492745	producer	Who was the producer of The Spoilers?	Edwin Carewe
843797	occupation	6	demonstration	830263	color	What color is flag of Zimbabwe?	red
843797	occupation	7	demonstration	4320975	place of birth	In what city was Ricardo Maliandi born?	La Plata
843797	occupation	8	demonstration	5957228	director	Who was the director of The Stand Up?	David Wexler
4503284	occupation	1	base	130950	producer	Who was the producer of The Proposal?	Sandra Bullock
4503284	occupation	2	base	294568	country	In what country is Tvedes Bryggeri?	Denmark
4503284	occupation	3	base	1457141	mother	Who is the mother of Archduchess Maria Elisabeth of Austria?	Maria Theresa of Austria
4503284	occupation	4	base	4780493	place of birth	In what city was Jun Murai born?	Tokyo
4503284	occupation	5	demonstration	4865486	author	Who is the author of Kirby: King of Comics?	Mark Evanier
4503284	occupation	6	demonstration	4663968	sport	What sport does Tim Hoogland play?	association football
4503284	occupation	7	demonstration	635851	capital	What is the capital of Kingdom of Bulgaria?	Sofia
4503284	occupation	8	demonstration	3095296	director	Who was the director of The Note?	Douglas Barr
4895544	occupation	1	base	5530825	country	In what country is Asian Highway Network?	People's Republic of China
4895544	occupation	2	base	670165	genre	What genre is The Demon?	slasher film
4895544	occupation	3	base	5801967	religion	What is the religion of Spring Arbor University?	Free Methodist Church
4895544	occupation	4	base	2697463	color	What color is White House?	white
4895544	occupation	5	demonstration	3789090	composer	Who was the composer of Corrupt?	Ice-T
4895544	occupation	6	demonstration	5925647	author	Who is the author of The Fighting Ground?	Avi
4895544	occupation	7	demonstration	1601192	sport	What sport does Carlos Gómez play?	association football
4895544	occupation	8	demonstration	4814012	place of birth	In what city was Karim Abdel Aziz born?	Cairo
5294096	occupation	1	base	1319519	sport	What sport does 1990–91 British Basketball League season play?	basketball
5294096	occupation	2	base	5788391	capital	What is the capital of Almoravid dynasty?	Marrakesh
5294096	occupation	3	base	1861180	mother	Who is the mother of Christiane Sehested?	Kirsten Munk
5294096	occupation	4	base	2332141	place of birth	In what city was Frederick Mackenzie born?	Montreal
5294096	occupation	5	demonstration	5453585	screenwriter	Who was the screenwriter for Pilot?	Becky Mode
5294096	occupation	6	demonstration	1915979	country	In what country is Lucknow Division?	India
5294096	occupation	7	demonstration	4321170	producer	Who was the producer of Flight?	Robert Zemeckis
5294096	occupation	8	demonstration	2211064	father	Who is the father of Robert, King of Naples?	Charles II of Naples
1134377	occupation	1	base	4559617	director	Who was the director of The Lover?	Jean-Jacques Annaud
1134377	occupation	2	base	5317851	religion	What is the religion of Loon?	Islam
1134377	occupation	3	base	3384489	father	Who is the father of Arthur Herzog?	Arthur Herzog, Jr.
1134377	occupation	4	base	1758360	country	In what country is Sjösa?	Sweden
1134377	occupation	5	demonstration	736578	color	What color is A.C. Milan?	red
1134377	occupation	6	demonstration	173695	author	Who is the author of Into the Woods?	Stephen Sondheim
1134377	occupation	7	demonstration	5898459	genre	What genre is Terra?	massively multiplayer online role-playing game
1134377	occupation	8	demonstration	377436	capital	What is the capital of Jask County?	Jask
1424448	occupation	1	base	486119	capital	What is the capital of 4th of August Regime?	Athens
1424448	occupation	2	base	2981443	place of birth	In what city was Jiang Mianheng born?	Shanghai
1424448	occupation	3	base	5911282	producer	Who was the producer of The Best of Everything?	Jerry Wald
1424448	occupation	4	base	1766137	genre	What genre is Treasure Island?	adventure film
1424448	occupation	5	demonstration	4779546	color	What color is FC Internazionale Milano?	black
1424448	occupation	6	demonstration	3227629	sport	What sport does Ademar Aparecido Xavier Júnior play?	association football
1424448	occupation	7	demonstration	2223262	mother	Who is the mother of Eleanor of England, Countess of Bar?	Eleanor of Castile
1424448	occupation	8	demonstration	2674435	director	Who was the director of The New Spirit?	Wilfred Jackson
2308304	occupation	1	base	1353319	author	Who is the author of The Ritual?	Adam Nevill
2308304	occupation	2	base	435227	capital	What is the capital of Ukrainian Soviet Socialist Republic?	Kyiv
2308304	occupation	3	base	830263	color	What color is flag of Zimbabwe?	red
2308304	occupation	4	base	127565	sport	What sport does Christo van Rensburg play?	tennis
2308304	occupation	5	demonstration	1160798	country	In what country is Marvel?	United States of America
2308304	occupation	6	demonstration	4322033	director	Who was the director of Memories?	Katsuhiro Otomo
2308304	occupation	7	demonstration	6493088	mother	Who is the mother of Amitabh Bachchan?	Teji Bachchan
2308304	occupation	8	demonstration	718554	composer	Who was the composer of Instant Crush?	Thomas Bangalter
4285368	occupation	1	base	1994846	director	Who was the director of Your Face?	Bill Plympton
4285368	occupation	2	base	2135466	sport	What sport does ONCE play?	road bicycle racing
4285368	occupation	3	base	787820	genre	What genre is Crush?	K-pop
4285368	occupation	4	base	4666767	place of birth	In what city was Joanna Elisabeth of Holstein-Gottorp born?	Gottorf Castle
4285368	occupation	5	demonstration	3274434	country	In what country is Drăgăneasa River?	Romania
4285368	occupation	6	demonstration	4976747	capital	What is the capital of Chad?	N'Djamena
4285368	occupation	7	demonstration	1417211	screenwriter	Who was the screenwriter for Troy?	David Benioff
4285368	occupation	8	demonstration	4245073	father	Who is the father of Ginger Punch?	Awesome Again
4920389	occupation	1	base	476899	religion	What is the religion of Kenneth Bevan?	Anglicanism
4920389	occupation	2	base	1184585	genre	What genre is Unknown?	fantasy
4920389	occupation	3	base	1401999	father	Who is the father of Arjuna?	Indra
4920389	occupation	4	base	2911140	producer	Who was the producer of Point of Origin?	Newton Thomas Sigel
4920389	occupation	5	demonstration	6340616	color	What color is Atlético de Madrid?	red
4920389	occupation	6	demonstration	6340564	capital	What is the capital of Kingdom of Laos?	Luang Prabang
4920389	occupation	7	demonstration	5022008	place of birth	In what city was Louis Lloyd Winter born?	Canada
4920389	occupation	8	demonstration	1046070	director	Who was the director of October 1?	Kunle Afolayan
6016753	occupation	1	base	1207757	place of birth	In what city was Karl Bartholomaeus Heller born?	Moravia
6016753	occupation	2	base	4683998	father	Who is the father of Jitendra Narayan?	Nripendra Narayan
6016753	occupation	3	base	2603379	director	Who was the director of Blade?	Stephen Norrington
6016753	occupation	4	base	611171	sport	What sport does Italy men's national volleyball team play?	volleyball
6016753	occupation	5	demonstration	1001108	author	Who is the author of The Man from Snowy River?	Andrew Barton Paterson
6016753	occupation	6	demonstration	2697463	color	What color is White House?	white
6016753	occupation	7	demonstration	5739859	genre	What genre is She?	hard rock
6016753	occupation	8	demonstration	1565610	composer	Who was the composer of Pay Day?	Charlie Chaplin
1990787	occupation	1	base	5548093	author	Who is the author of Reality Is What You Can Get Away With?	Robert Anton Wilson
1990787	occupation	2	base	6521985	religion	What is the religion of François Gayot?	Catholic Church
1990787	occupation	3	base	547538	producer	Who was the producer of Quatermass 2?	Anthony Hinds
1990787	occupation	4	base	3148564	mother	Who is the mother of King Arthur?	Igraine
1990787	occupation	5	demonstration	2848601	place of birth	In what city was Valdemar III of Denmark born?	Denmark
1990787	occupation	6	demonstration	2557986	composer	Who was the composer of Paris?	Cole Porter
1990787	occupation	7	demonstration	2001044	director	Who was the director of Fire?	Larry Shaw
1990787	occupation	8	demonstration	5556707	country	In what country is Reid Temple A.M.E. Church?	United States of America
3342671	occupation	1	base	1031049	producer	Who was the producer of David?	Vikram
3342671	occupation	2	base	6423635	sport	What sport does Radik Zhaparov play?	ski jumping
3342671	occupation	3	base	5630092	father	Who is the father of S. Robson Walton?	Sam Walton
3342671	occupation	4	base	6340616	color	What color is Atlético de Madrid?	red
3342671	occupation	5	demonstration	1761960	mother	Who is the mother of Cable?	Madelyne Pryor
3342671	occupation	6	demonstration	1117503	author	Who is the author of The Driver?	Garet Garrett
3342671	occupation	7	demonstration	5621482	place of birth	In what city was Roger McCardell born?	Baltimore County
3342671	occupation	8	demonstration	1856051	director	Who was the director of Teresa?	Fred Zinnemann
4760447	occupation	1	base	5772020	composer	Who was the composer of Six Weeks?	Dudley Moore
4760447	occupation	2	base	1341110	director	Who was the director of The African Woman?	Margarethe von Trotta
4760447	occupation	3	base	614930	country	In what country is WFUS?	United States of America
4760447	occupation	4	base	5018377	author	Who is the author of Loser?	Jerry Spinelli
4760447	occupation	5	demonstration	3330984	mother	Who is the mother of Andrew Schlafly?	Phyllis Schlafly
4760447	occupation	6	demonstration	5534053	sport	What sport does Ramón Rodríguez play?	association football
4760447	occupation	7	demonstration	1279784	father	Who is the father of Naphtali?	Jacob
4760447	occupation	8	demonstration	5708121	place of birth	In what city was Scott Patterson born?	Vancouver
4973369	occupation	1	base	222385	genre	What genre is Dune 2000?	real-time strategy
4973369	occupation	2	base	3206081	director	Who was the director of Chocolate?	Prachya Pinkaew
4973369	occupation	3	base	6285203	capital	What is the capital of Malaysia?	Kuala Lumpur
4973369	occupation	4	base	35725	sport	What sport does Cassiá play?	association football
4973369	occupation	5	demonstration	1156997	author	Who is the author of Weekend?	William McIlvanney
4973369	occupation	6	demonstration	6467337	religion	What is the religion of Queen Victoria?	Anglicanism
4973369	occupation	7	demonstration	3103020	father	Who is the father of Pannonica de Koenigswarter?	Charles Rothschild
4973369	occupation	8	demonstration	6232725	composer	Who was the composer of Your Man?	Jace Everett
5761278	occupation	1	base	791541	mother	Who is the mother of Ganesha?	Parvati
5761278	occupation	2	base	2523629	sport	What sport does Mohammed Amine Kabli play?	association football
5761278	occupation	3	base	5905890	composer	Who was the composer of That's What Love Is Made Of?	Smokey Robinson
5761278	occupation	4	base	3246332	producer	Who was the producer of Airport?	Anubhav Sinha
5761278	occupation	5	demonstration	2583406	genre	What genre is Ace Frehley?	hard rock
5761278	occupation	6	demonstration	3220050	director	Who was the director of The Kingdom?	Peter Berg
5761278	occupation	7	demonstration	5365868	screenwriter	Who was the screenwriter for PDA?	Robert Padnick
5761278	occupation	8	demonstration	5652312	father	Who is the father of Ruth Cleveland?	Grover Cleveland
6545655	occupation	1	base	3261768	religion	What is the religion of Albert Braun?	Catholic Church
6545655	occupation	2	base	2441561	producer	Who was the producer of La Mission?	Benjamin Bratt
6545655	occupation	3	base	5915366	director	Who was the director of The Canadian?	William Beaudine
6545655	occupation	4	base	5557556	genre	What genre is Relax?	trance
6545655	occupation	5	demonstration	1971316	capital	What is the capital of Pô?	Turin
6545655	occupation	6	demonstration	6527690	place of birth	In what city was Koudai Tsukakoshi born?	Tochigi Prefecture
6545655	occupation	7	demonstration	2832420	composer	Who was the composer of Let Me Call You Sweetheart?	Leo Friedman
6545655	occupation	8	demonstration	4071572	author	Who is the author of Europe?	Henry James
1496612	place of birth	1	base	2537936	religion	What is the religion of Georgetown University?	Catholic Church
1496612	place of birth	2	base	1446356	capital	What is the capital of Empire of Japan?	Tokyo
1496612	place of birth	3	base	2311628	author	Who is the author of Sketches New and Old?	Mark Twain
1496612	place of birth	4	base	1416925	color	What color is Manchester United F.C.?	red
1496612	place of birth	5	demonstration	3002421	genre	What genre is The Internship?	comedy film
1496612	place of birth	6	demonstration	1443827	producer	Who was the producer of Taxi?	Jafar Panahi
1496612	place of birth	7	demonstration	5524444	father	Who is the father of Rafi-ush-Shan?	Bahadur Shah I
1496612	place of birth	8	demonstration	2161656	sport	What sport does Julián Lalinde play?	association football
2612733	place of birth	1	base	6370984	religion	What is the religion of Heinrich Fasching?	Catholic Church
2612733	place of birth	2	base	6477673	director	Who was the director of Hum Paanch?	Bapu
2612733	place of birth	3	base	5895914	capital	What is the capital of Uruguay?	Montevideo
2612733	place of birth	4	base	1757186	father	Who is the father of Julia the Elder?	Augustus
2612733	place of birth	5	demonstration	5333366	author	Who is the author of Oldest Living Confederate Widow Tells All?	Allan Gurganus
2612733	place of birth	6	demonstration	72202	sport	What sport does Mutanda Kwesele play?	association football
2612733	place of birth	7	demonstration	4522734	genre	What genre is In the Cut?	mystery film
2612733	place of birth	8	demonstration	4955279	composer	Who was the composer of Let Me Know?	Towa Tei
3075565	place of birth	1	base	5906042	author	Who is the author of That Face?	Polly Stenham
3075565	place of birth	2	base	1782515	mother	Who is the mother of George Washington?	Mary Ball Washington
3075565	place of birth	3	base	1705692	father	Who is the father of David I of Scotland?	Malcolm III of Scotland
3075565	place of birth	4	base	1419550	occupation	What is Jim Boyd's occupation?	journalist
3075565	place of birth	5	demonstration	2960647	genre	What genre is Voyage?	synth-pop
3075565	place of birth	6	demonstration	4195897	screenwriter	Who was the screenwriter for Hard to Be a God?	Peter Fleischmann
3075565	place of birth	7	demonstration	3483611	color	What color is Exeter City F.C.?	red
3075565	place of birth	8	demonstration	2890574	director	Who was the director of The People Against O'Hara?	John Sturges
3270459	place of birth	1	base	5489997	father	Who is the father of Mark Twain?	John Marshall Clemens
3270459	place of birth	2	base	1568692	sport	What sport does Njurunda SK play?	ice hockey
3270459	place of birth	3	base	1722071	occupation	What is Rhea Silvia's occupation?	Vestal Virgin
3270459	place of birth	4	base	2015544	composer	Who was the composer of Jam?	Michael Jackson
3270459	place of birth	5	demonstration	5047850	country	In what country is Mac Johnson Wildlife Area?	Canada
3270459	place of birth	6	demonstration	4649706	screenwriter	Who was the screenwriter for The Actors?	Conor McPherson
3270459	place of birth	7	demonstration	5988773	director	Who was the director of Three of a Kind?	Bryan Spicer
3270459	place of birth	8	demonstration	3033691	color	What color is ruby?	red
5245724	place of birth	1	base	3174709	sport	What sport does 2011–12 Elon Phoenix men's basketball team play?	basketball
5245724	place of birth	2	base	3276958	religion	What is the religion of Alexander?	Islam
5245724	place of birth	3	base	1585269	mother	Who is the mother of Pegah Ahangarani?	Manijeh Hekmat
5245724	place of birth	4	base	4849971	director	Who was the director of Top of the World?	Sidney J. Furie
5245724	place of birth	5	demonstration	4097283	screenwriter	Who was the screenwriter for Fear?	Robert Wiene
5245724	place of birth	6	demonstration	733256	composer	Who was the composer of Birthday?	Bonnie McKee
5245724	place of birth	7	demonstration	4007034	occupation	What is Ek Yi Oun's occupation?	politician
5245724	place of birth	8	demonstration	562847	capital	What is the capital of France?	Paris
5440620	place of birth	1	base	2267929	screenwriter	Who was the screenwriter for A Crime?	Tonino Benacquista
5440620	place of birth	2	base	5777650	director	Who was the director of Small Town?	Thomas Schlamme
5440620	place of birth	3	base	257599	mother	Who is the mother of Lulach?	Gruoch of Scotland
5440620	place of birth	4	base	4413040	genre	What genre is Freedom Fighters?	third-person shooter
5440620	place of birth	5	demonstration	1425557	occupation	What is Lothrop Stoddard's occupation?	journalist
5440620	place of birth	6	demonstration	321759	father	Who is the father of Charles II of England?	Charles I of England
5440620	place of birth	7	demonstration	3009780	country	In what country is Old English?	England
5440620	place of birth	8	demonstration	1346942	religion	What is the religion of Lenni Brenner?	atheism
5834060	place of birth	1	base	2908488	author	Who is the author of The Whole Family?	Henry James
5834060	place of birth	2	base	975931	producer	Who was the producer of Drushyam?	Rajkumar Sethupathi
5834060	place of birth	3	base	876189	sport	What sport does Ernest Street play?	association football
5834060	place of birth	4	base	4497990	composer	Who was the composer of To Die For?	Danny Elfman
5834060	place of birth	5	demonstration	6513144	country	In what country is Battlefield?	United States of America
5834060	place of birth	6	demonstration	3033691	color	What color is ruby?	red
5834060	place of birth	7	demonstration	2513644	occupation	What is Kekko Fornarelli's occupation?	composer
5834060	place of birth	8	demonstration	5297859	director	Who was the director of No Good Deed?	Lawrence Trilling
724502	place of birth	1	base	6493088	mother	Who is the mother of Amitabh Bachchan?	Teji Bachchan
724502	place of birth	2	base	5787033	author	Who is the author of Something More?	Paul Cornell
724502	place of birth	3	base	2291070	director	Who was the director of Kites?	Anurag Basu
724502	place of birth	4	base	1808079	genre	What genre is The Cure?	comedy-drama
724502	place of birth	5	demonstration	5999251	capital	What is the capital of Cacheu Region?	Cacheu
724502	place of birth	6	demonstration	3170773	sport	What sport does Walter Tigers Tübingen play?	basketball
724502	place of birth	7	demonstration	4525309	composer	Who was the composer of Shaft?	Isaac Hayes
724502	place of birth	8	demonstration	435435	religion	What is the religion of Güshi Khan?	Tibetan Buddhism
1040610	place of birth	1	base	2631870	father	Who is the father of Adad?	Anu
1040610	place of birth	2	base	2273486	sport	What sport does Damla Çakıroğlu play?	volleyball
1040610	place of birth	3	base	3714896	screenwriter	Who was the screenwriter for China?	Halsted Sullivan
1040610	place of birth	4	base	3189312	producer	Who was the producer of The Kiss?	Thomas Alva Edison
1040610	place of birth	5	demonstration	5915366	director	Who was the director of The Canadian?	William Beaudine
1040610	place of birth	6	demonstration	2017351	mother	Who is the mother of Eliot Sumner?	Trudie Styler
1040610	place of birth	7	demonstration	5945934	author	Who is the author of The Oregon Trail: Sketches of Prairie and Rocky-Mountain Life?	Francis Parkman
1040610	place of birth	8	demonstration	5963123	genre	What genre is The Wake?	gothic rock
2118085	place of birth	1	base	4840191	religion	What is the religion of Kenneth Kennedy?	Anglicanism
2118085	place of birth	2	base	1203489	producer	Who was the producer of More?	Barbet Schroeder
2118085	place of birth	3	base	4541758	director	Who was the director of Like Crazy?	Drake Doremus
2118085	place of birth	4	base	1044970	occupation	What is Mohd Sharkar Shamsudin's occupation?	politician
2118085	place of birth	5	demonstration	1813753	mother	Who is the mother of Princess Maria Antonia of Naples and Sicily?	Maria Carolina of Austria
2118085	place of birth	6	demonstration	722043	composer	Who was the composer of Uyyala Jampala?	Sunny M.R.
2118085	place of birth	7	demonstration	5013870	screenwriter	Who was the screenwriter for Loop?	Tim Pears
2118085	place of birth	8	demonstration	1416925	color	What color is Manchester United F.C.?	red
2318096	place of birth	1	base	2655859	father	Who is the father of Richard of Normandy?	William the Conqueror
2318096	place of birth	2	base	87023	author	Who is the author of How to Stop Worrying and Start Living?	Dale Carnegie
2318096	place of birth	3	base	3676450	sport	What sport does Jean play?	association football
2318096	place of birth	4	base	3824884	country	In what country is Dakhan?	Iran
2318096	place of birth	5	demonstration	1709278	mother	Who is the mother of Sin?	Ninlil
2318096	place of birth	6	demonstration	237859	producer	Who was the producer of Rehab?	Timbaland
2318096	place of birth	7	demonstration	1507294	color	What color is Charlton Athletic F.C.?	red
2318096	place of birth	8	demonstration	2438406	capital	What is the capital of Western Australia?	Perth
3853710	place of birth	1	base	3978839	occupation	What is Ebenezer Webster's occupation?	farmer
3853710	place of birth	2	base	5560960	author	Who is the author of Replacements?	Lisa Tuttle
3853710	place of birth	3	base	1477066	producer	Who was the producer of Hurt?	Linda Perry
3853710	place of birth	4	base	2140405	sport	What sport does 1911–12 Scottish Cup play?	association football
3853710	place of birth	5	demonstration	4447201	country	In what country is Ab Bahri?	Iran
3853710	place of birth	6	demonstration	382185	genre	What genre is Edgar Battle?	jazz
3853710	place of birth	7	demonstration	5563720	director	Who was the director of Revelations?	David Nutter
3853710	place of birth	8	demonstration	2728129	screenwriter	Who was the screenwriter for Action?	Tinto Brass
3876191	place of birth	1	base	1527070	color	What color is Coventry City F.C.?	sky blue
3876191	place of birth	2	base	3392374	father	Who is the father of Jan V of Zator?	Wenceslaus I of Zator
3876191	place of birth	3	base	2736394	mother	Who is the mother of Henry of England?	Eleanor of Castile
3876191	place of birth	4	base	3433901	religion	What is the religion of Baker University?	United Methodist Church
3876191	place of birth	5	demonstration	1570238	screenwriter	Who was the screenwriter for On Tour?	Mathieu Amalric
3876191	place of birth	6	demonstration	1592930	capital	What is the capital of Nunavut?	Iqaluit
3876191	place of birth	7	demonstration	6450941	director	Who was the director of The Garden?	Derek Jarman
3876191	place of birth	8	demonstration	5693246	producer	Who was the producer of Sarah?	Yoram Gross
4557797	place of birth	1	base	2142170	mother	Who is the mother of George VI?	Mary of Teck
4557797	place of birth	2	base	5648118	genre	What genre is Run the World?	pop music
4557797	place of birth	3	base	2840865	sport	What sport does Israel Andrade play?	basketball
4557797	place of birth	4	base	237859	producer	Who was the producer of Rehab?	Timbaland
4557797	place of birth	5	demonstration	6025553	author	Who is the author of Tough, Tough Toys for Tough, Tough Boys?	Will Self
4557797	place of birth	6	demonstration	2423865	capital	What is the capital of Central Province?	Nyeri
4557797	place of birth	7	demonstration	2245633	director	Who was the director of Pilgrimage?	John Ford
4557797	place of birth	8	demonstration	6397223	composer	Who was the composer of Piano Sonata No. 11?	Wolfgang Amadeus Mozart
37346	place of birth	1	base	5908840	screenwriter	Who was the screenwriter for The Arrival?	Jeff Pinkner
37346	place of birth	2	base	2984079	capital	What is the capital of Weimar Republic?	Berlin
37346	place of birth	3	base	6316925	father	Who is the father of Ion son of Xuthus?	Apollo
37346	place of birth	4	base	4293900	country	In what country is GuideStar?	United States of America
37346	place of birth	5	demonstration	3369113	mother	Who is the mother of Archibald Roosevelt?	Edith Roosevelt
37346	place of birth	6	demonstration	3769860	producer	Who was the producer of Colorado?	Joseph Kane
37346	place of birth	7	demonstration	668466	author	Who is the author of Carnival of Souls?	Melissa Marr
37346	place of birth	8	demonstration	3730569	occupation	What is Christine Juarbe's occupation?	actor
192034	place of birth	1	base	4526742	producer	Who was the producer of Argo?	George Clooney
192034	place of birth	2	base	2930103	composer	Who was the composer of Sunny?	Jerome Kern
192034	place of birth	3	base	83701	director	Who was the director of Devotion?	Curtis Bernhardt
192034	place of birth	4	base	6400081	mother	Who is the mother of Abraham Lincoln?	Nancy Hanks Lincoln
192034	place of birth	5	demonstration	304997	capital	What is the capital of Appenzell Innerrhoden?	Appenzell
192034	place of birth	6	demonstration	2542370	occupation	What is Nosrat Karimi's occupation?	actor
192034	place of birth	7	demonstration	1527070	color	What color is Coventry City F.C.?	sky blue
192034	place of birth	8	demonstration	5054345	father	Who is the father of Frederick Jagiellon?	Casimir IV Jagiellon
1788652	place of birth	1	base	5707942	sport	What sport does Scott Muirhead play?	association football
1788652	place of birth	2	base	2513496	capital	What is the capital of Merthyr Tydfil County Borough?	Merthyr Tydfil
1788652	place of birth	3	base	118580	composer	Who was the composer of Christen, ätzet diesen Tag, BWV 63?	Johann Sebastian Bach
1788652	place of birth	4	base	1085503	mother	Who is the mother of Edgar Allan Poe?	Eliza Poe
1788652	place of birth	5	demonstration	1012322	father	Who is the father of Charles Cornwallis, 1st Marquess Cornwallis?	Charles Cornwallis, 1st Earl Cornwallis
1788652	place of birth	6	demonstration	234486	screenwriter	Who was the screenwriter for E.T. the Extra-Terrestrial?	Melissa Mathison
1788652	place of birth	7	demonstration	1524983	color	What color is Carlisle United F.C.?	red
1788652	place of birth	8	demonstration	2908490	author	Who is the author of The Whole Family?	Henry James
1849941	place of birth	1	base	6421466	mother	Who is the mother of Mao Anqing?	Yang Kaihui
1849941	place of birth	2	base	3507736	capital	What is the capital of Lakes?	Rumbek
1849941	place of birth	3	base	5575241	occupation	What is Richard Howland Hunt's occupation?	architect
1849941	place of birth	4	base	1578531	composer	Who was the composer of The Bad Sleep Well?	Masaru Sato
1849941	place of birth	5	demonstration	119179	country	In what country is Nagata-ku?	Japan
1849941	place of birth	6	demonstration	4288997	father	Who is the father of Leif Claesson?	Stig Claesson
1849941	place of birth	7	demonstration	1429700	sport	What sport does Jeffrey Aubynn play?	association football
1849941	place of birth	8	demonstration	4487880	producer	Who was the producer of Hollywood: The Fabulous Era?	Jack Haley, Jr.
2622429	place of birth	1	base	5343324	author	Who is the author of One of the Family?	Monica Dickens
2622429	place of birth	2	base	602113	producer	Who was the producer of I Am Love?	Luca Guadagnino
2622429	place of birth	3	base	2813117	religion	What is the religion of John Calvin?	Protestantism
2622429	place of birth	4	base	3866633	occupation	What is David J. Brown's occupation?	computer scientist
2622429	place of birth	5	demonstration	6546975	capital	What is the capital of Taylor?	Marion County
2622429	place of birth	6	demonstration	1114926	sport	What sport does 1973 Alabama Crimson Tide football team play?	American football
2622429	place of birth	7	demonstration	1460182	screenwriter	Who was the screenwriter for Chicago?	Bill Condon
2622429	place of birth	8	demonstration	4779546	color	What color is FC Internazionale Milano?	black
4657020	place of birth	1	base	4323900	father	Who is the father of Hampton?	Lord Clifden
4657020	place of birth	2	base	3209325	sport	What sport does Abdulhadi Khalaf play?	association football
4657020	place of birth	3	base	5808398	producer	Who was the producer of They?	Ted Field
4657020	place of birth	4	base	1763222	author	Who is the author of Among Others?	Jo Walton
4657020	place of birth	5	demonstration	2282388	genre	What genre is Decay?	horror film
4657020	place of birth	6	demonstration	3483883	color	What color is Fleetwood Town F.C.?	red
4657020	place of birth	7	demonstration	13849	composer	Who was the composer of Pocket?	Ai Otsuka
4657020	place of birth	8	demonstration	6292195	capital	What is the capital of Lahaul and Spiti district?	Kyelang
4793244	place of birth	1	base	1111661	sport	What sport does Guyana women's national field hockey team play?	field hockey
4793244	place of birth	2	base	2567213	mother	Who is the mother of Bertrand Russell?	Katharine Russell, Viscountess Amberley
4793244	place of birth	3	base	1527070	color	What color is Coventry City F.C.?	sky blue
4793244	place of birth	4	base	2658151	capital	What is the capital of Denmark?	Copenhagen
4793244	place of birth	5	demonstration	2536750	author	Who is the author of Nature?	Ralph Waldo Emerson
4793244	place of birth	6	demonstration	5331265	occupation	What is Olav T. Laake's occupation?	politician
4793244	place of birth	7	demonstration	6298693	father	Who is the father of Maximilian I of Mexico?	Archduke Franz Karl of Austria
4793244	place of birth	8	demonstration	1202978	country	In what country is canton of Marseille-La Pomme?	France
307372	producer	1	base	830263	color	What color is flag of Zimbabwe?	red
307372	producer	2	base	5728594	sport	What sport does Shahrul Azhar Ture play?	association football
307372	producer	3	base	4011403	composer	Who was the composer of Time?	Jeff Daniels
307372	producer	4	base	980948	occupation	What is Robert Jonckheere's occupation?	astronomer
307372	producer	5	demonstration	2137084	country	In what country is Veliko Korenovo?	Croatia
307372	producer	6	demonstration	587568	religion	What is the religion of Frank Joseph Dewane?	Catholic Church
307372	producer	7	demonstration	1787343	capital	What is the capital of Wa State?	Pangkham
307372	producer	8	demonstration	657321	genre	What genre is Stretch?	thriller
308270	producer	1	base	4094476	composer	Who was the composer of Fascinating Rhythm?	George Gershwin
308270	producer	2	base	2281503	religion	What is the religion of Jesus?	Judaism
308270	producer	3	base	1398108	occupation	What is Robert Voisey's occupation?	composer
308270	producer	4	base	2161859	genre	What genre is Our Time?	J-pop
308270	producer	5	demonstration	3846375	director	Who was the director of Dark Descent?	Daniel Knauf
308270	producer	6	demonstration	282690	screenwriter	Who was the screenwriter for The General?	John Boorman
308270	producer	7	demonstration	1527070	color	What color is Coventry City F.C.?	sky blue
308270	producer	8	demonstration	2697468	mother	Who is the mother of Carlo Ginzburg?	Natalia Ginzburg
308450	producer	1	base	2438013	genre	What genre is The Thorn in the Heart?	documentary film
308450	producer	2	base	5290313	sport	What sport does Nigel Marples play?	association football
308450	producer	3	base	978336	director	Who was the director of Mane?	Girish Kasaravalli
308450	producer	4	base	99158	occupation	What is Henry Campbell-Bannerman's occupation?	diplomat
308450	producer	5	demonstration	2436436	country	In what country is House of Representatives?	Bosnia and Herzegovina
308450	producer	6	demonstration	1528049	color	What color is Doncaster Rovers F.C.?	red
308450	producer	7	demonstration	2106017	religion	What is the religion of Wahshi ibn Harb?	Islam
308450	producer	8	demonstration	5187250	father	Who is the father of Mira Burt-Wintonick?	Peter Wintonick
1537486	producer	1	base	2796119	country	In what country is Hebbe Falls?	India
1537486	producer	2	base	5458669	director	Who was the director of Come as You Are?	Geoffrey Enthoven
1537486	producer	3	base	3033691	color	What color is ruby?	red
1537486	producer	4	base	5578918	place of birth	In what city was Richard S. Bull born?	Wilkinsburg
1537486	producer	5	demonstration	2998233	screenwriter	Who was the screenwriter for Ring?	Kōji Suzuki
1537486	producer	6	demonstration	746674	genre	What genre is The Shadow?	superhero film
1537486	producer	7	demonstration	1782515	mother	Who is the mother of George Washington?	Mary Ball Washington
1537486	producer	8	demonstration	4018703	composer	Who was the composer of Eliza?	Thomas Arne
3916219	producer	1	base	1046764	occupation	What is T. P. Poonatchi's occupation?	politician
3916219	producer	2	base	349957	capital	What is the capital of Byzantine Empire?	Constantinople
3916219	producer	3	base	125315	country	In what country is Cos?	France
3916219	producer	4	base	736578	color	What color is A.C. Milan?	red
3916219	producer	5	demonstration	5670474	mother	Who is the mother of Emperor An of Jin?	Consort Chen Guinü
3916219	producer	6	demonstration	3290618	composer	Who was the composer of Alice?	Bernardo Sassetti
3916219	producer	7	demonstration	4150846	religion	What is the religion of Frank White?	Anglicanism
3916219	producer	8	demonstration	5453500	director	Who was the director of Pilot?	Len Wiseman
4498632	producer	1	base	1862353	occupation	What is Yuki Kaida's occupation?	seiyū
4498632	producer	2	base	1796164	composer	Who was the composer of All by Myself?	Eric Carmen
4498632	producer	3	base	4133326	author	Who is the author of Persa?	Plautus
4498632	producer	4	base	2017351	mother	Who is the mother of Eliot Sumner?	Trudie Styler
4498632	producer	5	demonstration	6452097	country	In what country is St. Martin's Cathedral?	Netherlands
4498632	producer	6	demonstration	3281909	place of birth	In what city was Alexandros Matsas born?	Athens
4498632	producer	7	demonstration	1010058	genre	What genre is Our Wife?	comedy film
4498632	producer	8	demonstration	2674573	director	Who was the director of The Other Half?	King Vidor
5942107	producer	1	base	2142170	mother	Who is the mother of George VI?	Mary of Teck
5942107	producer	2	base	1993158	sport	What sport does Louis Perrée play?	fencing
5942107	producer	3	base	6033282	capital	What is the capital of Dominica?	Roseau
5942107	producer	4	base	1777990	father	Who is the father of Sybilla of Normandy?	Henry I of England
5942107	producer	5	demonstration	2644849	director	Who was the director of Silver?	Takashi Miike
5942107	producer	6	demonstration	669464	screenwriter	Who was the screenwriter for Annie?	Will Gluck
5942107	producer	7	demonstration	2213822	author	Who is the author of Bonaparte à Malte?	Frans Sammut
5942107	producer	8	demonstration	1809727	occupation	What is Thanasis Pafilis's occupation?	politician
183161	producer	1	base	511140	religion	What is the religion of William Ames?	Calvinism
183161	producer	2	base	2947075	sport	What sport does Willie McCarter play?	basketball
183161	producer	3	base	2898329	genre	What genre is Patience?	comic opera
183161	producer	4	base	1334114	director	Who was the director of The Island of Desire?	Otis Turner
183161	producer	5	demonstration	637317	author	Who is the author of Rose Hip Rose?	Tooru Fujisawa
183161	producer	6	demonstration	4258960	composer	Who was the composer of Going Up?	Louis Hirsch
183161	producer	7	demonstration	1001701	screenwriter	Who was the screenwriter for Spy?	Paul Feig
183161	producer	8	demonstration	6083018	capital	What is the capital of Egypt?	Cairo
285832	producer	1	base	1742842	screenwriter	Who was the screenwriter for The Notebook?	Jan Sardi
285832	producer	2	base	543535	director	Who was the director of Saturday Night Live?	Beth McCarthy-Miller
285832	producer	3	base	6363362	father	Who is the father of Mohammad Ali Khan?	Karim Khan
285832	producer	4	base	5557556	genre	What genre is Relax?	trance
285832	producer	5	demonstration	3101008	place of birth	In what city was Anatoly Georgievich Ufimtsev born?	Kursk
285832	producer	6	demonstration	2995750	author	Who is the author of Marriage?	Nikolai Gogol
285832	producer	7	demonstration	5670474	mother	Who is the mother of Emperor An of Jin?	Consort Chen Guinü
285832	producer	8	demonstration	2025544	sport	What sport does Francis play?	association football
1169772	producer	1	base	2373462	father	Who is the father of Henry Fairfield Osborn, Jr.?	Henry Fairfield Osborn
1169772	producer	2	base	6030433	place of birth	In what city was Travis Thomas born?	Washington
1169772	producer	3	base	5035834	sport	What sport does Lukáš Bodeček play?	association football
1169772	producer	4	base	2057753	director	Who was the director of Pirates of Malaysia?	Umberto Lenzi
1169772	producer	5	demonstration	4208555	occupation	What is George Birnie Esslemont's occupation?	politician
1169772	producer	6	demonstration	5469357	capital	What is the capital of Balqa Governorate?	Salt
1169772	producer	7	demonstration	6547647	country	In what country is Traverse City?	United States of America
1169772	producer	8	demonstration	2557986	composer	Who was the composer of Paris?	Cole Porter
1283652	producer	1	base	3455880	occupation	What is Baton Haxhiu's occupation?	journalist
1283652	producer	2	base	2536750	author	Who is the author of Nature?	Ralph Waldo Emerson
1283652	producer	3	base	1689521	mother	Who is the mother of Samson?	Wife of Manoah
1283652	producer	4	base	1524983	color	What color is Carlisle United F.C.?	red
1283652	producer	5	demonstration	1175451	genre	What genre is A Winter of Cyclists?	documentary film
1283652	producer	6	demonstration	4093346	place of birth	In what city was Farman Behboud born?	Tehran
1283652	producer	7	demonstration	3527521	composer	Who was the composer of Blue?	Joni Mitchell
1283652	producer	8	demonstration	4859463	screenwriter	Who was the screenwriter for New World?	Park Hoon-jung
1501746	producer	1	base	6087186	sport	What sport does VOKO-Irodion play?	volleyball
1501746	producer	2	base	5346032	capital	What is the capital of Kingdom of France?	Paris
1501746	producer	3	base	2440016	place of birth	In what city was Klaus Wunder born?	Erfurt
1501746	producer	4	base	3413407	composer	Who was the composer of Aval Appadithan?	Ilaiyaraaja
1501746	producer	5	demonstration	1860287	father	Who is the father of Prince Nikolai of Denmark?	Prince Joachim of Denmark
1501746	producer	6	demonstration	4156313	director	Who was the director of Women Who Work?	Manuel Romero
1501746	producer	7	demonstration	5919049	screenwriter	Who was the screenwriter for The Cost?	Ed Burns
1501746	producer	8	demonstration	4188042	religion	What is the religion of Rino Fisichella?	Catholic Church
2479208	producer	1	base	5409905	author	Who is the author of Pearl?	John Arden
2479208	producer	2	base	135186	composer	Who was the composer of Chrono Cross?	Yasunori Mitsuda
2479208	producer	3	base	1753408	sport	What sport does Warrenpoint Town F.C. play?	association football
2479208	producer	4	base	830263	color	What color is flag of Zimbabwe?	red
2479208	producer	5	demonstration	2101249	occupation	What is Jeremiah Smith's occupation?	politician
2479208	producer	6	demonstration	2996059	place of birth	In what city was Lucia de Berk born?	The Hague
2479208	producer	7	demonstration	1808761	mother	Who is the mother of Dawn Summers?	Joyce Summers
2479208	producer	8	demonstration	2941315	director	Who was the director of Love Story?	Mario Camerini
5669872	producer	1	base	5421684	father	Who is the father of Michael II Apafi?	Michael I Apafi
5669872	producer	2	base	6110369	occupation	What is Vincenzo Di Nicola's occupation?	psychiatrist
5669872	producer	3	base	5965034	screenwriter	Who was the screenwriter for The Wire?	Ed Burns
5669872	producer	4	base	5473087	place of birth	In what city was Veselin Vujović born?	Cetinje
5669872	producer	5	demonstration	2084376	author	Who is the author of Identity?	Milan Kundera
5669872	producer	6	demonstration	1676361	country	In what country is pero?	Czech Republic
5669872	producer	7	demonstration	3557457	capital	What is the capital of Faulk County?	Faulkton
5669872	producer	8	demonstration	5248300	genre	What genre is The Simple Life?	reality television
443077	producer	1	base	3483611	color	What color is Exeter City F.C.?	red
443077	producer	2	base	6320228	screenwriter	Who was the screenwriter for Divergent?	Vanessa Taylor
443077	producer	3	base	5749211	occupation	What is Shonali Bose's occupation?	film director
443077	producer	4	base	969040	sport	What sport does Bernadette Szőcs play?	table tennis
443077	producer	5	demonstration	2203037	religion	What is the religion of Jacob?	Judaism
443077	producer	6	demonstration	3022356	mother	Who is the mother of Cassandra Cain?	Lady Shiva
443077	producer	7	demonstration	3113390	country	In what country is One Nation?	Israel
443077	producer	8	demonstration	728749	capital	What is the capital of Wisconsin?	Madison
726608	producer	1	base	437612	capital	What is the capital of Montserrat?	Brades
726608	producer	2	base	2208897	author	Who is the author of Hagarism?	Patricia Crone
726608	producer	3	base	2480279	composer	Who was the composer of All Because of You?	Avril Lavigne
726608	producer	4	base	6297092	mother	Who is the mother of Alexander the Great?	Olympias
726608	producer	5	demonstration	424678	place of birth	In what city was Robley Dunglison Evans born?	Floyd County
726608	producer	6	demonstration	6506411	father	Who is the father of Alfred Jefferis Turner?	Frederick Storrs Turner
726608	producer	7	demonstration	1416925	color	What color is Manchester United F.C.?	red
726608	producer	8	demonstration	701197	country	In what country is Francheville Aerodrome?	France
2064895	producer	1	base	3229243	genre	What genre is Threshold?	science fiction
2064895	producer	2	base	4286548	place of birth	In what city was Gregorio Selser born?	Buenos Aires
2064895	producer	3	base	830263	color	What color is flag of Zimbabwe?	red
2064895	producer	4	base	5547877	occupation	What is Charles Martin Smith's occupation?	film director
2064895	producer	5	demonstration	2049193	mother	Who is the mother of Tridu Songtsen?	Khri ma lod
2064895	producer	6	demonstration	5228106	author	Who is the author of Muna Madan?	Laxmi Prasad Devkota
2064895	producer	7	demonstration	4212991	father	Who is the father of George F. Sternberg?	Charles Hazelius Sternberg
2064895	producer	8	demonstration	2742951	country	In what country is Mangalore University?	India
2181196	producer	1	base	6184317	occupation	What is William Greaves's occupation?	film director
2181196	producer	2	base	5360356	screenwriter	Who was the screenwriter for Out of Time?	Rob Grant
2181196	producer	3	base	2220126	religion	What is the religion of bishop?	Christianity
2181196	producer	4	base	1070535	sport	What sport does 1995 Cook Islands Round Cup play?	association football
2181196	producer	5	demonstration	1924631	capital	What is the capital of Achaea Regional Unit?	Patras
2181196	producer	6	demonstration	4613096	father	Who is the father of Jalal Agha?	Agha
2181196	producer	7	demonstration	2697463	color	What color is White House?	white
2181196	producer	8	demonstration	1447265	genre	What genre is Evil?	horror film
3492528	producer	1	base	112947	author	Who is the author of Ray?	Akihito Yoshitomi
3492528	producer	2	base	3662855	religion	What is the religion of Cecil Warren?	Anglicanism
3492528	producer	3	base	4132476	screenwriter	Who was the screenwriter for Fourbi?	Alain Tanner
3492528	producer	4	base	2314531	sport	What sport does FK Radnički Pirot play?	association football
3492528	producer	5	demonstration	3954287	occupation	What is James Alex Msekela's occupation?	diplomat
3492528	producer	6	demonstration	3081622	mother	Who is the mother of Sean Penn?	Eileen Ryan
3492528	producer	7	demonstration	2920105	capital	What is the capital of Cantabria?	Santander
3492528	producer	8	demonstration	816457	country	In what country is Kehl?	Germany
4443969	producer	1	base	3483883	color	What color is Fleetwood Town F.C.?	red
4443969	producer	2	base	2873108	father	Who is the father of Princess Cristina of Bourbon-Two Sicilies?	Francis II of the Two Sicilies
4443969	producer	3	base	4625104	place of birth	In what city was James Keddy born?	Dublin
4443969	producer	4	base	2513644	occupation	What is Kekko Fornarelli's occupation?	composer
4443969	producer	5	demonstration	3391136	country	In what country is Asahi Station?	Japan
4443969	producer	6	demonstration	6139600	religion	What is the religion of Walter James Fitzgerald?	Catholic Church
4443969	producer	7	demonstration	5498972	screenwriter	Who was the screenwriter for The Town?	Ben Affleck
4443969	producer	8	demonstration	5366171	mother	Who is the mother of Crispian Mills?	Hayley Mills
6389822	producer	1	base	4991022	genre	What genre is Falcon Crest?	soap opera
6389822	producer	2	base	3483883	color	What color is Fleetwood Town F.C.?	red
6389822	producer	3	base	5457293	director	Who was the director of Pirivom Santhippom?	Karu Pazhaniappan
6389822	producer	4	base	3041429	mother	Who is the mother of Margaret Douglas?	Margaret Tudor
6389822	producer	5	demonstration	1570782	place of birth	In what city was Norbert Grund born?	Prague
6389822	producer	6	demonstration	1429700	sport	What sport does Jeffrey Aubynn play?	association football
6389822	producer	7	demonstration	6303614	country	In what country is La Chapelle-en-Vercors?	France
6389822	producer	8	demonstration	1201217	screenwriter	Who was the screenwriter for Romance?	Edwin Justus Mayer
1939356	religion	1	base	2661013	genre	What genre is Sultan?	French hip hop
1939356	religion	2	base	5720751	screenwriter	Who was the screenwriter for Serenity?	Joss Whedon
1939356	religion	3	base	4682521	producer	Who was the producer of Leader?	Sashadhar Mukherjee
1939356	religion	4	base	830263	color	What color is flag of Zimbabwe?	red
1939356	religion	5	demonstration	1055100	capital	What is the capital of Lenawee County?	Adrian
1939356	religion	6	demonstration	1900422	composer	Who was the composer of Frozen?	Christophe Beck
1939356	religion	7	demonstration	115795	father	Who is the father of Yunreng?	Kangxi Emperor
1939356	religion	8	demonstration	1196350	sport	What sport does 2001–02 Division 1 season play?	ice hockey
3979417	religion	1	base	2512916	sport	What sport does shot play?	ice hockey
3979417	religion	2	base	3483883	color	What color is Fleetwood Town F.C.?	red
3979417	religion	3	base	500365	genre	What genre is Kirby 64: The Crystal Shards?	platform game
3979417	religion	4	base	508193	occupation	What is Sayaka Ichii's occupation?	actor
3979417	religion	5	demonstration	4244253	father	Who is the father of Gillian Baverstock?	Hugh Alexander Pollock
3979417	religion	6	demonstration	3474310	capital	What is the capital of Columbia County?	Bloomsburg
3979417	religion	7	demonstration	6297092	mother	Who is the mother of Alexander the Great?	Olympias
3979417	religion	8	demonstration	4177164	screenwriter	Who was the screenwriter for Féminin, masculin?	Kiarash Anvari
4715094	religion	1	base	220404	mother	Who is the mother of Princess Kako of Akishino?	Kiko, Princess Akishino
4715094	religion	2	base	1586993	country	In what country is Pindus?	Greece
4715094	religion	3	base	5937278	producer	Who was the producer of The Law of the Land?	Jesse Louis Lasky
4715094	religion	4	base	3553978	occupation	What is Min's occupation?	actor
4715094	religion	5	demonstration	2426571	author	Who is the author of Junk?	Melvin Burgess
4715094	religion	6	demonstration	830263	color	What color is flag of Zimbabwe?	red
4715094	religion	7	demonstration	5236034	genre	What genre is My Way?	Cantopop
4715094	religion	8	demonstration	2685175	composer	Who was the composer of The Moment's Energy?	Evan Parker
6194465	religion	1	base	6515626	mother	Who is the mother of Elizabeth II?	Queen Elizabeth The Queen Mother
6194465	religion	2	base	3716	producer	Who was the producer of Linger?	Johnnie To
6194465	religion	3	base	631204	composer	Who was the composer of No Way Out?	Maurice Jarre
6194465	religion	4	base	1158868	occupation	What is Jorge Traverso's occupation?	journalist
6194465	religion	5	demonstration	2697463	color	What color is White House?	white
6194465	religion	6	demonstration	4256275	author	Who is the author of Go?	Kazuki Kaneshiro
6194465	religion	7	demonstration	2067901	director	Who was the director of Alone?	Parkpoom Wongpoom
6194465	religion	8	demonstration	3447901	capital	What is the capital of Itasca County?	Grand Rapids
6262080	religion	1	base	2965793	father	Who is the father of Demeter?	Cronus
6262080	religion	2	base	4222362	occupation	What is George Rankin's occupation?	politician
6262080	religion	3	base	1710491	composer	Who was the composer of The Graduate?	Dave Grusin
6262080	religion	4	base	2264981	mother	Who is the mother of Cornelia Otis Skinner?	Maud Durbin
6262080	religion	5	demonstration	2731195	author	Who is the author of The Trial?	Franz Kafka
6262080	religion	6	demonstration	6543416	capital	What is the capital of Equatorial Guinea?	Malabo
6262080	religion	7	demonstration	2307298	place of birth	In what city was Emmanuel Biron born?	Lyon
6262080	religion	8	demonstration	3769612	country	In what country is Colonia Nueva Coneta?	Argentina
6546976	religion	1	base	1005632	father	Who is the father of Islamic view of Isaac?	Abraham in Islam
6546976	religion	2	base	3696050	occupation	What is Charles Strachey, 4th Baron O'Hagan's occupation?	politician
6546976	religion	3	base	3768945	author	Who is the author of Collision?	Jeff Abbott
6546976	religion	4	base	1014081	country	In what country is 1991 Copa do Brasil?	Brazil
6546976	religion	5	demonstration	2697463	color	What color is White House?	white
6546976	religion	6	demonstration	2863715	sport	What sport does 2004 Legg Mason Tennis Classic play?	tennis
6546976	religion	7	demonstration	4466717	capital	What is the capital of arrondissement of Lannion?	Lannion
6546976	religion	8	demonstration	4325633	place of birth	In what city was Hank Autry born?	Hattiesburg
553764	religion	1	base	1536600	occupation	What is María Elena Marqués's occupation?	actor
553764	religion	2	base	1977383	genre	What genre is Will to Power?	dance-pop
553764	religion	3	base	235812	composer	Who was the composer of Unser Mund sei voll Lachens, BWV 110?	Johann Sebastian Bach
553764	religion	4	base	2258024	director	Who was the director of The Naked Time?	Marc Daniels
553764	religion	5	demonstration	3881100	screenwriter	Who was the screenwriter for Dead Cert?	Tony Richardson
553764	religion	6	demonstration	2444770	sport	What sport does Sebastián Morquio play?	association football
553764	religion	7	demonstration	5997067	author	Who is the author of Time to Come?	August Derleth
553764	religion	8	demonstration	6333467	producer	Who was the producer of Bird?	Clint Eastwood
1185857	religion	1	base	5843854	composer	Who was the composer of Style?	Mani Sharma
1185857	religion	2	base	1373934	screenwriter	Who was the screenwriter for Enikkum Oru Divasam?	Sreekumaran Thampi
1185857	religion	3	base	1387297	director	Who was the director of The Well?	Jonathan Frakes
1185857	religion	4	base	2991143	father	Who is the father of Leo VI the Wise?	Basil I
1185857	religion	5	demonstration	504760	producer	Who was the producer of The Moment?	Kenny G
1185857	religion	6	demonstration	3041936	mother	Who is the mother of Mikheil Saakashvili?	Giuli Alasania
1185857	religion	7	demonstration	5972970	author	Who is the author of This Is It?	Joseph Connolly
1185857	religion	8	demonstration	4180541	occupation	What is Gabriel Gonsum Ganaka's occupation?	priest
2547678	religion	1	base	1844051	capital	What is the capital of Meta?	Villavicencio
2547678	religion	2	base	1808761	mother	Who is the mother of Dawn Summers?	Joyce Summers
2547678	religion	3	base	1527070	color	What color is Coventry City F.C.?	sky blue
2547678	religion	4	base	4097458	genre	What genre is Frans Floris I?	Northern Renaissance
2547678	religion	5	demonstration	5146048	director	Who was the director of Alice?	Woody Allen
2547678	religion	6	demonstration	2492953	occupation	What is Mami Matsui's occupation?	seiyū
2547678	religion	7	demonstration	1131733	composer	Who was the composer of Take a Chance?	Nacio Herb Brown
2547678	religion	8	demonstration	6218249	country	In what country is Xaga?	People's Republic of China
2900305	religion	1	base	5342026	composer	Who was the composer of One?	Michel van der Aa
2900305	religion	2	base	816457	country	In what country is Kehl?	Germany
2900305	religion	3	base	1430436	sport	What sport does Gianluca Comotto play?	association football
2900305	religion	4	base	404534	producer	Who was the producer of Road?	Ram Gopal Varma
2900305	religion	5	demonstration	5622565	place of birth	In what city was Rogers McKee born?	Shelby
2900305	religion	6	demonstration	130213	occupation	What is Shozaburo Nakamura's occupation?	politician
2900305	religion	7	demonstration	5386408	director	Who was the director of Party?	Govind Nihalani
2900305	religion	8	demonstration	6268676	capital	What is the capital of City of Newcastle?	Newcastle
3071116	religion	1	base	2262128	author	Who is the author of Confidence?	Henry James
3071116	religion	2	base	6408042	genre	What genre is Back to the Future?	comedy film
3071116	religion	3	base	6231726	director	Who was the director of You and Me?	Ma Liwen
3071116	religion	4	base	3407518	occupation	What is Augustine Steward's occupation?	politician
3071116	religion	5	demonstration	2759114	producer	Who was the producer of Black Snake?	Russ Meyer
3071116	religion	6	demonstration	1159859	screenwriter	Who was the screenwriter for Mall?	Eric Bogosian
3071116	religion	7	demonstration	6312040	country	In what country is Florencia?	Colombia
3071116	religion	8	demonstration	3237226	composer	Who was the composer of After Hours?	Lou Reed
5082720	religion	1	base	3483883	color	What color is Fleetwood Town F.C.?	red
5082720	religion	2	base	4171187	author	Who is the author of From Time to Time?	Jack Finney
5082720	religion	3	base	1782515	mother	Who is the mother of George Washington?	Mary Ball Washington
5082720	religion	4	base	5524444	father	Who is the father of Rafi-ush-Shan?	Bahadur Shah I
5082720	religion	5	demonstration	921300	genre	What genre is Elizabeth Davis?	Riot grrrl
5082720	religion	6	demonstration	6314040	producer	Who was the producer of Buffalo?	Frank Zappa
5082720	religion	7	demonstration	2832562	screenwriter	Who was the screenwriter for The Church?	Franco Ferrini
5082720	religion	8	demonstration	3786185	country	In what country is Cordova Bay Records?	Canada
322602	religion	1	base	2122605	director	Who was the director of The Rack?	Arnold Laven
322602	religion	2	base	5592257	producer	Who was the producer of Resident Evil 2?	Shinji Mikami
322602	religion	3	base	2953610	author	Who is the author of Aida?	Linda Woolverton
322602	religion	4	base	805372	screenwriter	Who was the screenwriter for The Reader?	David Hare
322602	religion	5	demonstration	2999579	composer	Who was the composer of Lazy?	Ian Gillan
322602	religion	6	demonstration	2797971	father	Who is the father of Apollo?	Zeus
322602	religion	7	demonstration	1720737	capital	What is the capital of Quneitra Governorate?	Quneitra
322602	religion	8	demonstration	2697463	color	What color is White House?	white
2578545	religion	1	base	3221878	genre	What genre is Risk?	short story
2578545	religion	2	base	4650739	occupation	What is Javier Alva Orlandini's occupation?	politician
2578545	religion	3	base	2134249	director	Who was the director of Acquisition?	James Whitmore Jr.
2578545	religion	4	base	2789079	producer	Who was the producer of Albert Schweitzer?	Jerome Hill
2578545	religion	5	demonstration	2697463	color	What color is White House?	white
2578545	religion	6	demonstration	5594178	sport	What sport does Robbie Rouse play?	American football
2578545	religion	7	demonstration	2046525	father	Who is the father of Robert?	Louis IX of France
2578545	religion	8	demonstration	6345816	capital	What is the capital of Turkmenistan?	Ashgabat
2684047	religion	1	base	3524516	color	What color is flag of Colorado?	red
2684047	religion	2	base	4725190	occupation	What is John Mayne's occupation?	journalist
2684047	religion	3	base	2312795	place of birth	In what city was Aloïs Boudry born?	Ypres
2684047	religion	4	base	606889	composer	Who was the composer of Piano Sonata No. 15?	Ludwig van Beethoven
2684047	religion	5	demonstration	981550	capital	What is the capital of Kavala Regional Unit?	Kavala
2684047	religion	6	demonstration	3890850	country	In what country is Dell?	United States of America
2684047	religion	7	demonstration	64340	producer	Who was the producer of Aliens?	David Giler
2684047	religion	8	demonstration	1797937	mother	Who is the mother of Licinia Eudoxia?	Aelia Eudocia
2765332	religion	1	base	5778289	father	Who is the father of Smile?	In Reality
2765332	religion	2	base	2289674	genre	What genre is Discount?	punk rock
2765332	religion	3	base	2697463	color	What color is White House?	white
2765332	religion	4	base	553274	place of birth	In what city was Maarten van Severen born?	Antwerp
2765332	religion	5	demonstration	3041429	mother	Who is the mother of Margaret Douglas?	Margaret Tudor
2765332	religion	6	demonstration	1371300	occupation	What is Dash's occupation?	record producer
2765332	religion	7	demonstration	4576218	director	Who was the director of This Is the End?	Seth Rogen
2765332	religion	8	demonstration	1980542	sport	What sport does Gregor Balažic play?	association football
6153126	religion	1	base	3950034	author	Who is the author of Down?	Lawrence Miles
6153126	religion	2	base	1787726	composer	Who was the composer of Opera?	Brian Eno
6153126	religion	3	base	4650612	country	In what country is Javar Tan?	Iran
6153126	religion	4	base	4757522	genre	What genre is Slim Gaillard?	jazz
6153126	religion	5	demonstration	1794837	capital	What is the capital of Wiltshire?	Trowbridge
6153126	religion	6	demonstration	3899079	place of birth	In what city was Leena Peisa born?	Vantaa
6153126	religion	7	demonstration	161230	director	Who was the director of My Man?	Kazuyoshi Kumakiri
6153126	religion	8	demonstration	3524516	color	What color is flag of Colorado?	red
6515620	religion	1	base	1926471	capital	What is the capital of Taitung County?	Taitung City
6515620	religion	2	base	2075239	director	Who was the director of Fists in the Pocket?	Marco Bellocchio
6515620	religion	3	base	3730009	place of birth	In what city was Dr. John born?	New Orleans
6515620	religion	4	base	6388150	occupation	What is Marina Baker's occupation?	Playboy Playmate
6515620	religion	5	demonstration	5318700	composer	Who was the composer of Nurse?	M. B. Sreenivasan
6515620	religion	6	demonstration	3369113	mother	Who is the mother of Archibald Roosevelt?	Edith Roosevelt
6515620	religion	7	demonstration	1378543	color	What color is chalk?	white
6515620	religion	8	demonstration	4212991	father	Who is the father of George F. Sternberg?	Charles Hazelius Sternberg
552373	screenwriter	1	base	5157909	occupation	What is Michael Shelley's occupation?	singer-songwriter
552373	screenwriter	2	base	526034	country	In what country is Saint-Sylvain-d'Anjou?	France
552373	screenwriter	3	base	481133	genre	What genre is Micro?	techno-thriller
552373	screenwriter	4	base	1952542	place of birth	In what city was Offer Nissim born?	Tel Aviv
552373	screenwriter	5	demonstration	3483611	color	What color is Exeter City F.C.?	red
552373	screenwriter	6	demonstration	2692328	sport	What sport does FK Mladost Bački Jarak play?	association football
552373	screenwriter	7	demonstration	1813985	director	Who was the director of Family Law?	Daniel Burman
552373	screenwriter	8	demonstration	1588466	composer	Who was the composer of Tales of the Tempest?	Motoi Sakuraba
1173109	screenwriter	1	base	4107069	place of birth	In what city was Mukhtar Mukhtarov born?	Lankaran
1173109	screenwriter	2	base	6303614	country	In what country is La Chapelle-en-Vercors?	France
1173109	screenwriter	3	base	5196161	producer	Who was the producer of Mod?	Nagesh Kukunoor
1173109	screenwriter	4	base	5801967	religion	What is the religion of Spring Arbor University?	Free Methodist Church
1173109	screenwriter	5	demonstration	5741933	occupation	What is Shelley Wark-Martyn's occupation?	politician
1173109	screenwriter	6	demonstration	4756000	father	Who is the father of Heinrich Gustav Reichenbach?	Ludwig Reichenbach
1173109	screenwriter	7	demonstration	2004556	sport	What sport does Rotherham County F.C. play?	association football
1173109	screenwriter	8	demonstration	759557	composer	Who was the composer of California Gurls?	Bonnie McKee
1274377	screenwriter	1	base	4967367	sport	What sport does Margarita Louis-Dreyfus play?	association football
1274377	screenwriter	2	base	1212498	author	Who is the author of Q?	Luther Blissett
1274377	screenwriter	3	base	1416925	color	What color is Manchester United F.C.?	red
1274377	screenwriter	4	base	226901	composer	Who was the composer of Mouse Trouble?	Scott Bradley
1274377	screenwriter	5	demonstration	3890850	country	In what country is Dell?	United States of America
1274377	screenwriter	6	demonstration	6282215	capital	What is the capital of Poprad District?	Poprad
1274377	screenwriter	7	demonstration	617409	place of birth	In what city was Bruno Nöckler born?	Prettau
1274377	screenwriter	8	demonstration	340086	mother	Who is the mother of Alexandros II of Epirus?	Lanassa
2428535	screenwriter	1	base	3870325	religion	What is the religion of David Mills?	atheism
2428535	screenwriter	2	base	3134873	father	Who is the father of Natalia Kukulska?	Jarosław Kukulski
2428535	screenwriter	3	base	2049193	mother	Who is the mother of Tridu Songtsen?	Khri ma lod
2428535	screenwriter	4	base	1782552	capital	What is the capital of Georgia?	Kutaisi
2428535	screenwriter	5	demonstration	3150882	place of birth	In what city was Antigoni Goni born?	Athens
2428535	screenwriter	6	demonstration	3705637	country	In what country is Chelsea?	United States of America
2428535	screenwriter	7	demonstration	1507294	color	What color is Charlton Athletic F.C.?	red
2428535	screenwriter	8	demonstration	1538783	author	Who is the author of A Matter of Time?	Glen Cook
2936270	screenwriter	1	base	5045808	mother	Who is the mother of Isaac?	Sara
2936270	screenwriter	2	base	2697463	color	What color is White House?	white
2936270	screenwriter	3	base	5727010	author	Who is the author of Shadow?	Dean Wesley Smith
2936270	screenwriter	4	base	3195743	producer	Who was the producer of The Jacket?	Steven Soderbergh
2936270	screenwriter	5	demonstration	701533	director	Who was the director of Panic?	Harry Piel
2936270	screenwriter	6	demonstration	2218017	occupation	What is Michael Arad's occupation?	architect
2936270	screenwriter	7	demonstration	5139586	genre	What genre is Circus?	electropop
2936270	screenwriter	8	demonstration	3466481	composer	Who was the composer of Witness?	Maurice Jarre
3917800	screenwriter	1	base	3886893	genre	What genre is Deep End?	short story
3917800	screenwriter	2	base	6453369	place of birth	In what city was Belly born?	Jenin
3917800	screenwriter	3	base	1518958	producer	Who was the producer of Squeeze?	John Cale
3917800	screenwriter	4	base	853848	religion	What is the religion of Honorius III?	Christianity
3917800	screenwriter	5	demonstration	5600889	occupation	What is Robert Gwilym's occupation?	actor
3917800	screenwriter	6	demonstration	3132442	father	Who is the father of Josie Ho?	Stanley Ho
3917800	screenwriter	7	demonstration	2867095	country	In what country is Moore?	United States of America
3917800	screenwriter	8	demonstration	3524516	color	What color is flag of Colorado?	red
6487534	screenwriter	1	base	2106548	country	In what country is Gare de Rosporden?	France
6487534	screenwriter	2	base	6340616	color	What color is Atlético de Madrid?	red
6487534	screenwriter	3	base	126299	sport	What sport does 2010 Veikkausliiga play?	association football
6487534	screenwriter	4	base	6039525	author	Who is the author of Trying?	Joanna Glass
6487534	screenwriter	5	demonstration	5621482	place of birth	In what city was Roger McCardell born?	Baltimore County
6487534	screenwriter	6	demonstration	3782968	mother	Who is the mother of Jesus in Islam?	Mary in Islam
6487534	screenwriter	7	demonstration	2950154	religion	What is the religion of University of Evansville?	United Methodist Church
6487534	screenwriter	8	demonstration	85678	genre	What genre is Today Is A Beautiful Day?	J-pop
979326	screenwriter	1	base	4188042	religion	What is the religion of Rino Fisichella?	Catholic Church
979326	screenwriter	2	base	5189670	father	Who is the father of Mishari bin Saud bin Abdulaziz Al Saud?	Saud of Saudi Arabia
979326	screenwriter	3	base	3241597	country	In what country is Agveran?	Armenia
979326	screenwriter	4	base	3042619	occupation	What is Rumi's occupation?	philosopher
979326	screenwriter	5	demonstration	677244	composer	Who was the composer of The Last 5 Years?	Jason Robert Brown
979326	screenwriter	6	demonstration	6307673	author	Who is the author of Relic?	Douglas Preston
979326	screenwriter	7	demonstration	5146048	director	Who was the director of Alice?	Woody Allen
979326	screenwriter	8	demonstration	3364203	capital	What is the capital of Grand Casablanca?	Casablanca
1394409	screenwriter	1	base	3038311	sport	What sport does Ceyda Aktaş play?	volleyball
1394409	screenwriter	2	base	2965793	father	Who is the father of Demeter?	Cronus
1394409	screenwriter	3	base	4041535	composer	Who was the composer of Radio?	Himesh Reshammiya
1394409	screenwriter	4	base	6267838	country	In what country is Ena?	Japan
1394409	screenwriter	5	demonstration	6257303	capital	What is the capital of Basse-Kotto Prefecture?	Mobaye
1394409	screenwriter	6	demonstration	2693376	religion	What is the religion of Oliver O'Grady?	Catholic Church
1394409	screenwriter	7	demonstration	2889869	producer	Who was the producer of Odin: Photon Sailer Starlight?	Yoshinobu Nishizaki
1394409	screenwriter	8	demonstration	2232591	place of birth	In what city was Carlos Nieto born?	La Plata
1534275	screenwriter	1	base	5627950	sport	What sport does Ron Douglas play?	association football
1534275	screenwriter	2	base	1856673	capital	What is the capital of Lamphun?	Lamphun
1534275	screenwriter	3	base	6340616	color	What color is Atlético de Madrid?	red
1534275	screenwriter	4	base	1254284	producer	"Who was the producer of ""Them""?"	King Diamond
1534275	screenwriter	5	demonstration	2521556	country	In what country is Tapay District?	Peru
1534275	screenwriter	6	demonstration	231636	religion	What is the religion of Felix Gmür?	Catholic Church
1534275	screenwriter	7	demonstration	1143665	genre	What genre is Get Happy with the Randy Weston Trio?	jazz
1534275	screenwriter	8	demonstration	707302	occupation	What is Graham Collier's occupation?	composer
1554293	screenwriter	1	base	3299617	mother	Who is the mother of Allison Hirschlag?	Julia Barr
1554293	screenwriter	2	base	6521509	author	Who is the author of Next?	Michael Crichton
1554293	screenwriter	3	base	736578	color	What color is A.C. Milan?	red
1554293	screenwriter	4	base	1691938	capital	What is the capital of Slovenia?	Ljubljana
1554293	screenwriter	5	demonstration	687919	country	In what country is Basin City?	United States of America
1554293	screenwriter	6	demonstration	1881398	occupation	What is Todd Verow's occupation?	cinematographer
1554293	screenwriter	7	demonstration	87776	producer	Who was the producer of The Other?	Tom Tryon
1554293	screenwriter	8	demonstration	2857594	director	Who was the director of The Well?	Russell Rouse
3548445	screenwriter	1	base	5485599	composer	Who was the composer of Prelude in F major, Op. 49, No. 2?	Alexander Scriabin
3548445	screenwriter	2	base	210026	director	Who was the director of The Dove?	Roland West
3548445	screenwriter	3	base	3384489	father	Who is the father of Arthur Herzog?	Arthur Herzog, Jr.
3548445	screenwriter	4	base	622689	country	In what country is Haw River?	United States of America
3548445	screenwriter	5	demonstration	6307191	genre	What genre is The Karate Kid?	martial arts film
3548445	screenwriter	6	demonstration	1346942	religion	What is the religion of Lenni Brenner?	atheism
3548445	screenwriter	7	demonstration	832142	occupation	What is Carsten Carlsen's occupation?	composer
3548445	screenwriter	8	demonstration	2238655	mother	Who is the mother of Terry Fox?	Betty Fox
4003351	screenwriter	1	base	2522645	religion	What is the religion of Saint David?	Christianity
4003351	screenwriter	2	base	4212991	father	Who is the father of George F. Sternberg?	Charles Hazelius Sternberg
4003351	screenwriter	3	base	34246	capital	What is the capital of Namibia?	Windhoek
4003351	screenwriter	4	base	1547299	mother	Who is the mother of Al Gore?	Pauline LaFon Gore
4003351	screenwriter	5	demonstration	6436457	genre	What genre is Talk?	progressive rock
4003351	screenwriter	6	demonstration	1528049	color	What color is Doncaster Rovers F.C.?	red
4003351	screenwriter	7	demonstration	1887723	composer	Who was the composer of Christmas Eve?	Nikolai Rimsky-Korsakov
4003351	screenwriter	8	demonstration	5470867	sport	What sport does Richard Zedník play?	ice hockey
5757240	screenwriter	1	base	1900422	composer	Who was the composer of Frozen?	Christophe Beck
5757240	screenwriter	2	base	6151931	producer	Who was the producer of We Were Young?	Binka Zhelyazkova
5757240	screenwriter	3	base	3467867	author	Who is the author of Bel Canto?	Ann Patchett
5757240	screenwriter	4	base	3584392	sport	What sport does Brunei Barracudas play?	basketball
5757240	screenwriter	5	demonstration	1181931	genre	What genre is Surgery?	noise rock
5757240	screenwriter	6	demonstration	203437	capital	What is the capital of Kenya?	Nairobi
5757240	screenwriter	7	demonstration	6539492	place of birth	In what city was Juan Landázuri Ricketts born?	Arequipa
5757240	screenwriter	8	demonstration	1576553	occupation	What is Aim's occupation?	disc jockey
307774	screenwriter	1	base	5616138	country	In what country is Rockcastle River?	United States of America
307774	screenwriter	2	base	1668441	genre	What genre is Up in the Air?	film adaptation
307774	screenwriter	3	base	1207757	place of birth	In what city was Karl Bartholomaeus Heller born?	Moravia
307774	screenwriter	4	base	2748925	sport	What sport does Bob Priddy play?	basketball
307774	screenwriter	5	demonstration	3909587	composer	Who was the composer of Diamonds?	Jerry Lordan
307774	screenwriter	6	demonstration	2556139	director	Who was the director of The Love Letter?	Dan Curtis
307774	screenwriter	7	demonstration	3609683	author	Who is the author of By the Gods Beloved?	Emma Orczy
307774	screenwriter	8	demonstration	212861	father	Who is the father of Phoenix?	Agenor
412158	screenwriter	1	base	830263	color	What color is flag of Zimbabwe?	red
412158	screenwriter	2	base	6320551	religion	What is the religion of Romanian Greek Catholic Church?	Catholic Church
412158	screenwriter	3	base	6513064	country	In what country is Deodara?	India
412158	screenwriter	4	base	6173288	occupation	What is Will Smith's occupation?	screenwriter
412158	screenwriter	5	demonstration	6499110	capital	What is the capital of Mexico?	Mexico City
412158	screenwriter	6	demonstration	1830050	father	Who is the father of Salim Al-Mubarak Al-Sabah?	Mubarak Al-Sabah
412158	screenwriter	7	demonstration	1824126	composer	Who was the composer of Lost?	Michael Giacchino
412158	screenwriter	8	demonstration	1154793	author	Who is the author of The Third Round?	H. C. McNeile
1485443	screenwriter	1	base	1772462	composer	Who was the composer of La Silvia?	Antonio Vivaldi
1485443	screenwriter	2	base	1507294	color	What color is Charlton Athletic F.C.?	red
1485443	screenwriter	3	base	5958809	genre	What genre is The Take?	punk rock
1485443	screenwriter	4	base	6262109	capital	What is the capital of Arizona?	Phoenix
1485443	screenwriter	5	demonstration	1425557	occupation	What is Lothrop Stoddard's occupation?	journalist
1485443	screenwriter	6	demonstration	672407	director	Who was the director of The System?	Lewis Seiler
1485443	screenwriter	7	demonstration	5274970	author	Who is the author of Nevada?	Steve Gerber
1485443	screenwriter	8	demonstration	1570040	producer	Who was the producer of Let It Be?	Phil Spector
1723865	screenwriter	1	base	2202661	director	Who was the director of Shiva?	Ronit Elkabetz
1723865	screenwriter	2	base	2925031	mother	Who is the mother of Alī ibn Abī Ṭālib?	Fatimah bint Asad
1723865	screenwriter	3	base	1545923	place of birth	In what city was Liz born?	Tarzana
1723865	screenwriter	4	base	2863715	sport	What sport does 2004 Legg Mason Tennis Classic play?	tennis
1723865	screenwriter	5	demonstration	238575	genre	What genre is One?	rock music
1723865	screenwriter	6	demonstration	2578779	composer	Who was the composer of Plush?	Nick Launay
1723865	screenwriter	7	demonstration	6207928	author	Who is the author of Witt?	Patti Smith
1723865	screenwriter	8	demonstration	3114270	producer	Who was the producer of The Turning Point?	Nora Kaye
3960385	screenwriter	1	base	3651362	mother	Who is the mother of Carrie Brady?	Anna DiMera
3960385	screenwriter	2	base	2011217	country	In what country is Fin?	Iran
3960385	screenwriter	3	base	1927843	sport	What sport does Zaur Ramazanov play?	association football
3960385	screenwriter	4	base	389489	genre	What genre is Southern Rock Opera?	alternative country
3960385	screenwriter	5	demonstration	2896174	composer	Who was the composer of The Cruise?	Wojciech Kilar
3960385	screenwriter	6	demonstration	1507294	color	What color is Charlton Athletic F.C.?	red
3960385	screenwriter	7	demonstration	2647541	director	Who was the director of The Gamesters of Triskelion?	Gene Nelson
3960385	screenwriter	8	demonstration	1944892	producer	Who was the producer of The Cookbook?	Missy Elliott
4478015	screenwriter	1	base	2143226	sport	What sport does Willy Roy play?	association football
4478015	screenwriter	2	base	125315	country	In what country is Cos?	France
4478015	screenwriter	3	base	6297574	mother	Who is the mother of Horus?	Isis
4478015	screenwriter	4	base	5938377	director	Who was the director of The Little Ones?	Jim O'Connolly
4478015	screenwriter	5	demonstration	2863305	genre	What genre is Oasis?	Britpop
4478015	screenwriter	6	demonstration	5934264	author	Who is the author of The Island?	Victoria Hislop
4478015	screenwriter	7	demonstration	2498126	father	Who is the father of Marguerite de Rothschild?	Mayer Carl von Rothschild
4478015	screenwriter	8	demonstration	3666171	place of birth	In what city was Narcisse-Fortunat Belleau born?	Quebec City
5580296	screenwriter	1	base	4703071	producer	Who was the producer of Apur Sansar?	Satyajit Ray
5580296	screenwriter	2	base	1014859	capital	What is the capital of Oklahoma?	Oklahoma City
5580296	screenwriter	3	base	3128409	place of birth	In what city was Ingvild Bryn born?	Voss
5580296	screenwriter	4	base	2708680	mother	Who is the mother of Wheeler Dryden?	Hannah Chaplin
5580296	screenwriter	5	demonstration	4642283	father	Who is the father of Prince Karl Theodor of Bavaria?	Maximilian I Joseph of Bavaria
5580296	screenwriter	6	demonstration	3980535	composer	Who was the composer of The Room?	Mladen Milicevic
5580296	screenwriter	7	demonstration	2490193	genre	What genre is Good Times?	musical film
5580296	screenwriter	8	demonstration	1467376	occupation	What is Famke Janssen's occupation?	screenwriter
80903	sport	1	base	139141	capital	What is the capital of Ter?	Girona
80903	sport	2	base	1881360	mother	Who is the mother of Todd McCaffrey?	Anne McCaffrey
80903	sport	3	base	1159122	place of birth	In what city was Joris Delle born?	Briey
80903	sport	4	base	2646290	screenwriter	Who was the screenwriter for Slam?	Saul Williams
80903	sport	5	demonstration	2376142	author	Who is the author of Where Late the Sweet Birds Sang?	Kate Wilhelm
80903	sport	6	demonstration	1416925	color	What color is Manchester United F.C.?	red
80903	sport	7	demonstration	350781	religion	What is the religion of Mahmoud Taleghani?	Shia Islam
80903	sport	8	demonstration	4288607	father	Who is the father of Griffin O'Neal?	Ryan O'Neal
580445	sport	1	base	2605667	place of birth	In what city was Richard Rawlinson born?	London
580445	sport	2	base	5294538	genre	What genre is Ninja Boy II?	action role-playing game
580445	sport	3	base	1003583	mother	Who is the mother of Helen of Troy?	Leda
580445	sport	4	base	177542	occupation	What is Claire Berlinski's occupation?	journalist
580445	sport	5	demonstration	6386965	screenwriter	Who was the screenwriter for Look?	Adam Rifkin
580445	sport	6	demonstration	1604691	country	In what country is Gawarzec Dolny?	Poland
580445	sport	7	demonstration	5958320	author	Who is the author of The Sun Chemist?	Lionel Davidson
580445	sport	8	demonstration	6340616	color	What color is Atlético de Madrid?	red
977673	sport	1	base	1980847	screenwriter	Who was the screenwriter for Gravity?	George Clooney
977673	sport	2	base	287593	capital	What is the capital of Lower Saxony?	Hanover
977673	sport	3	base	5449920	genre	What genre is Picture This?	reality television
977673	sport	4	base	3042410	place of birth	In what city was Emily Hood Westacott born?	Brisbane
977673	sport	5	demonstration	5564579	author	Who is the author of Rewind?	William Sleator
977673	sport	6	demonstration	243030	director	Who was the director of The Tomb?	Fred Olen Ray
977673	sport	7	demonstration	943409	father	Who is the father of Clem Michael?	Stephen Michael
977673	sport	8	demonstration	2005603	producer	Who was the producer of A Man and a Woman?	Claude Lelouch
2312763	sport	1	base	1388910	capital	What is the capital of Belarus?	Minsk
2312763	sport	2	base	2872979	composer	Who was the composer of Maria?	Leonard Bernstein
2312763	sport	3	base	6528916	mother	Who is the mother of Philotes?	Nyx
2312763	sport	4	base	1305275	screenwriter	Who was the screenwriter for La Balance?	Bob Swaim
2312763	sport	5	demonstration	2112582	place of birth	In what city was Barbara Harris born?	Philadelphia
2312763	sport	6	demonstration	6167434	religion	What is the religion of Louis-Joseph-Napoléon-Paul Bruchési?	Catholic Church
2312763	sport	7	demonstration	4810324	father	Who is the father of Count Palatine Joseph Charles of Sulzbach?	Theodore Eustace, Count Palatine of Sulzbach
2312763	sport	8	demonstration	1422402	occupation	What is Lord Frederick Spencer Hamilton's occupation?	politician
4975222	sport	1	base	1631002	religion	What is the religion of Pedro Lisímaco de Jesús Vílchez Vílchez?	Catholic Church
4975222	sport	2	base	4669357	place of birth	In what city was Francisco Fernández de la Cueva, 10th Duke of Alburquerque born?	Genoa
4975222	sport	3	base	4168123	occupation	What is Frequency's occupation?	disc jockey
4975222	sport	4	base	4280141	director	Who was the director of Great Expectations?	Jason Winer
4975222	sport	5	demonstration	1178924	genre	What genre is I Lost My Heart in Heidelberg?	musical film
4975222	sport	6	demonstration	6516245	father	Who is the father of Diana, Princess of Wales?	John Spencer, 8th Earl Spencer
4975222	sport	7	demonstration	6515820	capital	What is the capital of Tang Empire?	Chang'an
4975222	sport	8	demonstration	3189312	producer	Who was the producer of The Kiss?	Thomas Alva Edison
5917724	sport	1	base	5025078	director	Who was the director of Love Letter?	Kinuyo Tanaka
5917724	sport	2	base	1742797	screenwriter	Who was the screenwriter for The Queen?	Peter Morgan
5917724	sport	3	base	6084851	mother	Who is the mother of Aloysia Weber?	Cäcilia Weber
5917724	sport	4	base	2413157	religion	What is the religion of Caesar Baronius?	Catholic Church
5917724	sport	5	demonstration	6515003	place of birth	In what city was János Ferencsik born?	Budapest
5917724	sport	6	demonstration	2334396	father	Who is the father of Faunus?	Picus
5917724	sport	7	demonstration	2577041	producer	Who was the producer of Pizza?	Alain Bashung
5917724	sport	8	demonstration	6422300	genre	What genre is One Thing?	pop rock
1519072	sport	1	base	596053	mother	Who is the mother of Proserpina?	Ceres
1519072	sport	2	base	1869305	producer	Who was the producer of Thoda Pyaar Thoda Magic?	Aditya Chopra
1519072	sport	3	base	4984450	country	In what country is Berry?	United States of America
1519072	sport	4	base	149939	director	Who was the director of Pilot?	Brett Ratner
1519072	sport	5	demonstration	4365138	genre	What genre is Hellgate?	Western film
1519072	sport	6	demonstration	1701577	occupation	What is Joseph Weydemeyer's occupation?	journalist
1519072	sport	7	demonstration	3073298	father	Who is the father of John the Apostle?	Zebedee
1519072	sport	8	demonstration	101224	author	Who is the author of Walking?	Henry David Thoreau
1941457	sport	1	base	243602	country	In what country is Iron River (CDP), Wisconsin?	United States of America
1941457	sport	2	base	2389582	composer	Who was the composer of Introduction and Allegro?	Maurice Ravel
1941457	sport	3	base	3414271	religion	What is the religion of Averett University?	Baptists
1941457	sport	4	base	811505	director	Who was the director of The Last Producer?	Burt Reynolds
1941457	sport	5	demonstration	1683267	author	Who is the author of The Way of Kings?	Brandon Sanderson
1941457	sport	6	demonstration	1383429	screenwriter	Who was the screenwriter for Dilim?	José Javier Reyes
1941457	sport	7	demonstration	3483883	color	What color is Fleetwood Town F.C.?	red
1941457	sport	8	demonstration	3042619	occupation	What is Rumi's occupation?	philosopher
3172373	sport	1	base	247503	composer	Who was the composer of The Telephone?	Gian Carlo Menotti
3172373	sport	2	base	6129487	country	In what country is Elim?	United States of America
3172373	sport	3	base	3093191	religion	What is the religion of Franciszek Rogaczewski?	Catholic Church
3172373	sport	4	base	5421647	capital	What is the capital of Venezuela?	Caracas
3172373	sport	5	demonstration	2175983	occupation	What is Arafan Camara's occupation?	politician
3172373	sport	6	demonstration	5803209	father	Who is the father of Spiros Niarchos?	Stavros Niarchos
3172373	sport	7	demonstration	5913921	screenwriter	Who was the screenwriter for The Boys?	Mikko Niskanen
3172373	sport	8	demonstration	6078739	director	Who was the director of Unity?	Robert Duncan McNeill
3317563	sport	1	base	5032350	producer	Who was the producer of The Circus?	Charlie Chaplin
3317563	sport	2	base	2046602	screenwriter	Who was the screenwriter for Twenty Two?	Rod Serling
3317563	sport	3	base	1053271	occupation	What is Rose Beaudet's occupation?	actor
3317563	sport	4	base	282751	capital	What is the capital of State of Vietnam?	Ho Chi Minh City
3317563	sport	5	demonstration	3170519	religion	What is the religion of Marilyn Monroe?	Judaism
3317563	sport	6	demonstration	2696815	country	In what country is Jan Kochanowski University?	Poland
3317563	sport	7	demonstration	4672312	author	Who is the author of Jewel?	Bret Lott
3317563	sport	8	demonstration	2454269	director	Who was the director of Code of Honor?	Russ Mayberry
4201776	sport	1	base	1641970	screenwriter	Who was the screenwriter for Staten Island?	James DeMonaco
4201776	sport	2	base	6145054	capital	What is the capital of Alaska?	Juneau
4201776	sport	3	base	155034	composer	Who was the composer of Clockwise?	George Fenton
4201776	sport	4	base	3613977	place of birth	In what city was Tuomo Suomalainen born?	Gogland
4201776	sport	5	demonstration	1872067	occupation	What is Thomas Hinds's occupation?	politician
4201776	sport	6	demonstration	3655662	author	Who is the author of Castle?	David Macaulay
4201776	sport	7	demonstration	6159486	father	Who is the father of Isis?	Geb
4201776	sport	8	demonstration	2014346	mother	Who is the mother of Franklin Richards?	Invisible Woman
4219914	sport	1	base	3524516	color	What color is flag of Colorado?	red
4219914	sport	2	base	3274284	author	Who is the author of Rainbows End?	Vernor Vinge
4219914	sport	3	base	4595425	place of birth	In what city was JB Magsaysay born?	San Juan
4219914	sport	4	base	1800654	father	Who is the father of Matilda of Scotland?	Malcolm III of Scotland
4219914	sport	5	demonstration	997848	genre	What genre is Counter-Strike?	tactical shooter
4219914	sport	6	demonstration	2797972	mother	Who is the mother of Apollo?	Leto
4219914	sport	7	demonstration	356006	capital	What is the capital of Saint Martin (French part)?	Marigot
4219914	sport	8	demonstration	6175762	occupation	What is William Australia Graham's occupation?	farmer
3978	sport	1	base	6541952	occupation	What is Sırrı Süreyya Önder's occupation?	film director
3978	sport	2	base	3084024	producer	Who was the producer of Off the Wall?	Quincy Jones
3978	sport	3	base	6146777	author	Who is the author of Washington, D.C.?	Gore Vidal
3978	sport	4	base	1585269	mother	Who is the mother of Pegah Ahangarani?	Manijeh Hekmat
3978	sport	5	demonstration	1761959	father	Who is the father of Cable?	Cyclops
3978	sport	6	demonstration	3963711	country	In what country is Durham?	Canada
3978	sport	7	demonstration	6305992	capital	What is the capital of Qatar?	Doha
3978	sport	8	demonstration	867391	composer	Who was the composer of 1 by Two?	Gopi Sundar
381044	sport	1	base	420141	genre	What genre is Phoenix?	manga
381044	sport	2	base	2807127	father	Who is the father of Charlotte of Valois?	Francis I of France
381044	sport	3	base	4969685	place of birth	In what city was Lindsay Pagano born?	Philadelphia
381044	sport	4	base	4011112	occupation	What is Eleanor Davis's occupation?	cartoonist
381044	sport	5	demonstration	4420716	composer	Who was the composer of Paprika?	Susumu Hirasawa
381044	sport	6	demonstration	5670018	mother	Who is the mother of Sajeeb Wazed?	Sheikh Hasina
381044	sport	7	demonstration	488926	producer	Who was the producer of Uzak?	Nuri Bilge Ceylan
381044	sport	8	demonstration	546090	capital	What is the capital of Pennsylvania?	Harrisburg
1377228	sport	1	base	318476	place of birth	In what city was Zsuzsanna Németh born?	Budapest
1377228	sport	2	base	3119262	father	Who is the father of Alexander?	Polyperchon
1377228	sport	3	base	1563085	religion	What is the religion of Niccolò Marini?	Catholic Church
1377228	sport	4	base	2043035	director	Who was the director of The Betrayed?	Frans Weisz
1377228	sport	5	demonstration	3654180	screenwriter	Who was the screenwriter for Cash?	Ben Elton
1377228	sport	6	demonstration	5781178	composer	Who was the composer of So Rare?	Jerry Herst
1377228	sport	7	demonstration	5600889	occupation	What is Robert Gwilym's occupation?	actor
1377228	sport	8	demonstration	1507294	color	What color is Charlton Athletic F.C.?	red
1862399	sport	1	base	6238004	genre	What genre is Bangai-O Spirits?	action game
1862399	sport	2	base	908494	author	Who is the author of The Smile?	Donna Jo Napoli
1862399	sport	3	base	1157416	composer	Who was the composer of Timeline?	Brian Tyler
1862399	sport	4	base	5714961	producer	Who was the producer of Secrets of a Secretary?	George Abbott
1862399	sport	5	demonstration	6299722	director	Who was the director of Recon?	Jack Bender
1862399	sport	6	demonstration	1507294	color	What color is Charlton Athletic F.C.?	red
1862399	sport	7	demonstration	1941761	capital	What is the capital of Netherlands Antilles?	Willemstad
1862399	sport	8	demonstration	179252	religion	What is the religion of Bill Clinton?	Baptists
2654950	sport	1	base	1203491	director	Who was the director of More?	Barbet Schroeder
2654950	sport	2	base	4526742	producer	Who was the producer of Argo?	George Clooney
2654950	sport	3	base	1537651	capital	What is the capital of New Brunswick?	Fredericton
2654950	sport	4	base	1590983	country	In what country is Gmina Dziadkowice?	Poland
2654950	sport	5	demonstration	4569185	genre	What genre is Interval?	romance film
2654950	sport	6	demonstration	3109247	occupation	What is Baruch Steinberg's occupation?	rabbi
2654950	sport	7	demonstration	5727010	author	Who is the author of Shadow?	Dean Wesley Smith
2654950	sport	8	demonstration	6340616	color	What color is Atlético de Madrid?	red
2742111	sport	1	base	2139096	occupation	What is Joyce Tang's occupation?	actor
2742111	sport	2	base	307641	producer	Who was the producer of The Cowboys?	Irving Ravetch
2742111	sport	3	base	3033691	color	What color is ruby?	red
2742111	sport	4	base	2346730	place of birth	In what city was Germaine Aussey born?	Paris
2742111	sport	5	demonstration	6118725	author	Who is the author of Voyage d'Egypte et de Nubie?	Frederic Louis Norden
2742111	sport	6	demonstration	2838713	father	Who is the father of Iyasu V?	Mikael of Wollo
2742111	sport	7	demonstration	227665	screenwriter	Who was the screenwriter for Daddy's Little Girls?	Tyler Perry
2742111	sport	8	demonstration	5037972	religion	What is the religion of Lutheran Theological Seminary at Philadelphia?	Evangelical Lutheran Church in America
